bldg_contract_town,total_dwelling_units
KWN,142
BD,206
CT,0
BD,102
PRC,55
BM,96
QT,125
GL,247
BM,95
GL,0
QT,220
GL,219
QT,319
HG,204
BM,244
CT,84
GL,0
KWN,107
SGN,179
TP,196
MP,96
WL,159
KWN,176
GL,156
PG,0
BT,88
KWN,154
TAP,0
CCK,118
BM,148
CT,163
KWN,8
BT,132
TP,0
WL,0
CT,264
GL,2
BM,0
BM,0
PRC,0
KWN,0
BT,0
CT,264
CT,264
CT,264
CT,264
CT,264
CT,264
KWN,0
BM,0
BD,84
GL,53
GL,180
KWN,207
GL,133
QT,101
KWN,132
BM,28
BM,120
CT,92
TP,76
TP,96
WL,84
KWN,224
GL,120
CT,48
KWN,12
CCK,153
BM,66
BT,36
WL,0
KWN,220
BD,0
BM,228
BD,0
QT,0
CT,0
TP,0
KWN,184
BD,56
BM,160
TP,96
KWN,220
BD,2
TP,0
BD,84
BD,81
BD,67
GL,198
BD,206
QT,75
TP,192
KWN,96
KWN,96
GL,152
AMK,88
BD,110
BD,168
BH,92
TP,0
BB,96
BM,140
QT,76
SB,0
CL,112
BP,60
BM,96
HG,108
KWN,128
JE,238
BD,10
PRC,96
TP,120
PG,0
SK,131
SGN,144
TAP,140
BM,76
TAP,120
CCK,66
KWN,44
KWN,96
WL,146
YS,107
TP,295
SB,164
TP,64
PG,82
YS,0
SB,240
TP,48
PG,92
YS,0
TP,0
PG,86
YS,0
PG,85
GL,150
AMK,88
BD,24
BD,149
BH,92
BM,147
BB,96
QT,95
SB,0
CL,8
BM,0
BP,90
BM,140
HG,90
KWN,96
KWN,198
JE,196
BD,73
PRC,96
TP,167
PG,0
SK,129
SGN,24
TAP,100
BM,76
TAP,140
CCK,64
KWN,36
WL,110
TP,205
SB,190
BM,114
PG,85
SK,0
TP,200
SB,210
PG,86
SB,0
PG,92
PG,82
KWN,96
GL,154
AMK,131
BD,154
BD,154
BH,92
BB,96
BM,119
QT,99
SB,0
CL,104
PG,0
BP,26
BM,140
HG,81
KWN,144
JE,96
BD,73
TP,159
PRC,96
TP,63
SK,123
SGN,144
BM,94
TAP,126
CCK,80
KWN,80
WL,32
YS,64
TP,116
SB,224
BM,96
PG,96
SK,0
TP,152
SB,224
BM,76
PG,90
PG,90
GL,88
BD,153
BD,84
BH,24
BB,88
BM,132
QT,99
SB,0
CL,16
BP,90
BM,96
HG,8
KWN,144
KWN,24
BM,216
JE,20
BD,55
TP,160
PRC,130
TP,174
SK,78
SGN,24
BM,94
TAP,119
CCK,80
KWN,90
KWN,112
WL,111
YS,0
AMK,60
TP,290
SB,140
BM,96
PG,92
BM,0
AMK,88
SB,168
BM,76
PG,92
AMK,0
SB,137
BM,0
SB,167
GL,88
AMK,90
BD,110
BD,155
TP,0
BH,116
BB,81
BM,144
SB,0
CL,42
BM,0
PG,0
BP,40
BM,270
HG,0
KWN,72
BM,324
JE,98
BD,8
TP,160
PRC,120
TP,178
SK,78
SGN,120
TAP,32
BM,94
TAP,119
CCK,132
KWN,275
WL,111
YS,0
TP,64
BM,160
PG,85
BM,0
TP,92
BM,0
PG,85
PG,85
PG,85
GL,194
AMK,138
BD,168
BD,110
BH,96
TP,0
BB,100
BM,123
QT,99
SB,0
CL,0
BP,90
BM,130
HG,51
KWN,68
KWN,97
BM,330
JE,96
BD,43
TP,158
PRC,96
TP,38
PG,0
SK,78
SGN,131
TAP,100
BM,94
TAP,80
CCK,110
KWN,80
WL,16
YS,60
TP,107
SB,252
BM,96
BM,0
TP,0
PG,131
TP,87
SB,252
BM,76
PG,82
PG,82
PG,86
GL,88
AMK,131
BD,154
BD,120
BH,96
TP,0
BB,81
BM,144
QT,99
SB,0
CL,0
BP,60
HG,0
KWN,96
BM,222
JE,60
BD,8
TP,96
PRC,96
TP,104
PG,0
SK,78
SGN,112
TAP,140
BM,94
TAP,115
CCK,54
KWN,295
WL,8
YS,337
TP,145
QT,0
CL,0
SB,139
PG,86
BM,0
SK,0
TP,78
SB,140
PG,85
SB,139
PG,85
PG,91
GL,152
AMK,122
BD,153
BD,154
BH,32
BB,88
BM,176
QT,76
SB,0
CL,0
BM,0
BP,90
HG,70
KWN,75
BM,169
JE,98
BD,47
TP,118
KWN,140
PRC,48
TP,142
PG,0
SK,78
SGN,128
TAP,100
BM,0
TAP,120
CCK,72
WL,111
YS,208
TP,156
CL,0
SB,112
BM,0
KWN,0
PRC,0
TP,62
SB,117
KWN,174
SB,108
KWN,174
SB,0
GL,195
AMK,154
BD,149
BD,32
TP,0
BH,96
BB,115
BM,162
QT,79
SB,0
CL,47
BP,26
HG,123
BM,118
JE,96
BD,73
TP,99
KWN,96
PRC,72
TP,72
PG,0
SK,96
SGN,168
TAP,120
BM,92
TAP,179
CCK,60
KWN,79
WL,16
YS,60
TP,62
SB,72
CL,0
BM,96
PG,86
TP,62
SB,83
BM,96
PG,85
SB,83
PG,85
SB,72
PG,91
KWN,0
BM,145
BD,112
GL,180
KWN,174
GL,120
QT,371
KWN,132
BM,21
TP,76
TP,124
WL,84
GL,156
KWN,114
CCK,96
BM,0
BT,115
KWN,281
CT,198
BM,0
GL,0
TP,0
GL,0
BM,0
GL,110
AMK,152
BD,88
BD,152
TP,0
BH,116
BB,96
BM,175
QT,76
CL,24
BM,0
BP,96
HG,134
BM,167
JE,215
BD,48
TP,118
KWN,102
PRC,90
PG,0
SK,103
SGN,24
TAP,16
BM,92
TAP,119
CCK,132
KWN,77
WL,111
YS,171
TP,140
BM,144
TP,0
PG,131
TP,132
BM,0
PG,82
PG,82
PG,86
GL,130
AMK,88
BD,96
BD,16
BH,96
BB,96
BM,159
QT,78
CL,72
PG,131
BP,96
JW,108
HG,42
BM,2
JE,96
BD,95
KWN,18
TP,96
KWN,132
PRC,18
SK,107
SGN,168
TAP,16
TAP,160
CCK,110
KWN,79
WL,51
YS,143
TP,99
BM,96
SK,0
KWN,0
TP,114
BM,96
GL,130
AMK,153
BD,84
BD,96
BH,96
BB,112
BM,172
QT,76
CL,24
PG,131
HG,118
JW,108
BM,0
JE,120
BD,97
KWN,50
TP,119
KWN,92
PRC,110
BP,26
SK,91
SGN,24
TAP,120
TAP,120
CCK,104
KWN,0
KWN,96
WL,8
YS,120
TP,112
BM,89
KWN,0
TP,90
BM,89
BM,0
GL,3
TP,0
AMK,88
BD,168
BD,79
BH,110
BM,160
BB,94
QT,76
CL,96
BM,96
PG,0
HG,148
BM,120
JE,132
BD,24
TP,119
KWN,86
KWN,0
PRC,108
BP,132
TP,160
SK,138
SGN,48
TAP,80
TAP,112
JW,140
CCK,117
KWN,85
WL,111
YS,111
TP,85
BB,0
BM,0
KWN,198
TP,68
BB,0
KWN,204
BB,0
KWN,189
KWN,270
GL,0
AMK,119
BD,84
BD,168
BH,110
BM,177
BB,80
SB,0
CL,72
BM,96
PG,163
JW,140
HG,149
JE,12
BD,97
KWN,63
TP,119
WL,8
KWN,0
PRC,96
BP,27
TP,136
SK,96
SGN,144
TAP,120
TAP,80
CCK,132
KWN,75
YS,263
TP,96
BD,0
BB,107
KWN,0
TP,93
BB,150
GL,3
AMK,196
BD,201
BD,72
BH,115
BM,181
BM,96
BM,0
BB,96
SB,0
CL,98
PG,80
HG,152
JW,108
BM,154
KWN,0
JE,119
BD,48
TP,120
WL,66
PRC,100
BP,132
TP,135
SK,122
SGN,48
TAP,0
CCK,110
KWN,98
YS,143
TP,96
BD,0
SB,140
JW,0
KWN,114
YS,84
TP,0
SB,140
KWN,129
YS,120
TP,96
SB,100
YS,84
SB,100
GL,3
AMK,160
BD,118
BD,214
BH,110
BM,96
BB,134
BM,73
QT,0
CL,98
PG,128
JW,160
HG,142
KWN,0
BM,154
JE,96
BD,95
TP,291
WL,12
PRC,20
BP,132
TP,40
SGN,144
TAP,172
CCK,81
YS,152
BM,0
BD,0
SB,84
KWN,204
SK,128
KWN,174
SK,131
SK,96
SK,0
GL,0
TP,0
AMK,153
BD,211
BD,97
BH,92
BM,96
BM,280
BB,96
QT,0
SB,0
CL,140
PG,128
JW,160
HG,18
BM,154
KWN,0
TP,116
WL,8
PRC,90
BP,26
TP,156
SGN,96
TAP,120
TAP,149
CCK,72
YS,128
SB,110
JW,0
BM,0
KWN,203
SK,128
SB,87
KWN,174
SK,131
SK,96
SK,0
TP,0
GL,0
AMK,151
BD,32
BD,108
BH,16
BM,130
BB,88
QT,0
SB,0
CL,140
JW,160
PG,128
HG,15
BM,0
TP,118
WL,57
PRC,84
BP,132
TP,96
SK,0
SGN,96
CCK,120
YS,144
TP,339
BM,0
JW,0
SB,76
BM,172
TP,0
CCK,0
SB,84
BM,143
BM,143
BM,172
GL,3
AMK,196
BD,154
BD,32
BH,60
BB,80
BM,296
BM,0
BM,3
SB,0
PG,0
HG,119
JW,198
BM,0
TP,117
WL,72
KWN,96
PRC,90
BP,28
TP,160
SK,0
SGN,20
TAP,110
CCK,99
YS,24
SB,118
BM,0
SK,126
SB,120
BM,200
SK,101
BM,200
SK,106
BM,200
SK,87
BD,308
BM,145
GL,9
QT,96
GL,247
KWN,174
GL,3
QT,356
BM,80
TP,72
KWN,132
TP,176
MP,96
WL,175
KWN,96
GL,120
KWN,10
BM,79
CCK,96
BM,166
BT,88
KWN,131
CT,198
BD,0
QT,0
MP,0
WL,150
BM,0
WL,116
WL,116
WL,0
AMK,118
BD,88
BD,108
BH,26
BB,80
BM,0
BM,120
SB,0
PG,0
GL,110
HG,34
JW,198
BM,106
TP,160
WL,120
KWN,104
GL,80
PRC,12
BP,96
TP,146
SK,0
SGN,96
TAP,110
CCK,60
YS,120
SB,130
PG,144
JW,0
BM,107
TP,0
SK,61
SB,130
PG,144
BM,0
SK,115
SB,112
SK,115
SB,104
SK,0
AMK,217
BD,100
BD,154
BH,26
BM,224
BB,80
BM,16
SB,0
PG,0
GL,0
HG,23
BM,106
TP,106
WL,8
KWN,124
PRC,96
GL,354
BP,96
TP,177
SK,131
SGN,96
CCK,80
YS,134
JW,160
SB,104
PG,446
BM,106
SK,96
JW,0
SB,90
PG,112
SK,96
SB,74
SK,96
SB,104
SK,115
SK,0
SK,0
AMK,131
BD,216
BD,126
BH,114
BB,80
BM,20
PG,0
GL,110
HG,50
BM,96
TP,168
WL,8
KWN,108
GL,132
PRC,96
BP,28
TP,123
SK,115
SGN,31
TAP,120
CCK,80
YS,135
JW,160
PG,144
SK,128
PG,144
SK,96
SK,96
SK,128
SK,131
SK,0
AMK,192
BD,88
BD,34
BH,96
BM,0
BB,24
BM,320
GL,80
HG,127
BM,80
TP,128
WL,120
KWN,122
GL,80
PRC,12
BP,132
TP,8
SK,96
SGN,96
TAP,172
CCK,100
YS,124
TP,0
SK,96
SK,96
SK,78
SK,60
SK,60
AMK,153
BD,114
BD,154
BH,88
BB,24
BM,17
GL,211
HG,139
BM,288
TP,131
WL,60
KWN,80
PRC,90
GL,80
BP,60
TP,8
SK,80
SGN,47
TAP,120
TAP,96
CCK,80
YS,148
BM,80
SK,100
BM,92
SK,90
SK,90
SK,0
SK,0
GL,76
AMK,160
BD,154
BD,124
BH,80
BM,78
BB,98
BM,3
PG,0
GL,189
HG,154
BM,70
TP,164
WL,97
PRC,84
BP,132
TP,8
SK,128
SGN,96
TAP,0
TAP,72
YS,114
BM,0
BM,0
TP,0
GL,76
AMK,156
BD,48
BD,156
BH,80
BM,116
BB,16
BM,0
SB,0
PG,0
GL,90
HG,127
BM,0
TP,198
WL,8
PRC,100
BP,132
TP,12
SK,89
SGN,96
TAP,120
TAP,93
YS,136
BM,0
SB,140
PG,171
BM,214
SK,0
SB,140
PG,86
BM,0
SB,140
PG,118
BM,214
SB,150
PG,92
AMK,159
BD,154
BD,48
BH,80
BM,3
BB,110
SB,0
GL,48
HG,24
BM,0
TP,0
WL,24
PRC,84
BP,28
TP,8
PG,0
SK,97
SGN,96
TAP,80
TAP,108
YS,95
BM,219
BM,0
BM,221
BM,231
AMK,143
BD,155
BD,124
BH,92
BM,300
BB,16
SB,0
GL,139
BM,120
TP,200
HG,84
WL,70
PRC,60
BP,132
TP,8
PG,0
SK,119
TAP,16
YS,110
BM,0
SB,120
TP,0
PG,171
SK,0
SB,204
PG,86
SB,120
PG,118
PG,92
AMK,235
BD,16
BD,153
BH,16
BM,297
BB,132
SB,0
QT,95
PG,0
GL,12
BM,113
HG,198
WL,100
PRC,72
BP,60
TP,8
SK,75
TAP,16
YS,48
BM,0
QT,0
SB,106
BM,0
SB,204
SB,106
BD,234
BM,145
QT,96
GL,90
KWN,174
QT,96
GL,0
QT,367
BM,78
TP,48
TP,176
MP,96
WL,129
KWN,0
GL,14
KWN,96
CCK,96
BM,175
BT,138
KWN,117
CT,182
BD,0
QT,0
WL,0
KWN,0
AMK,190
BD,70
BD,150
BH,96
BB,132
BM,293
SB,0
BP,60
CCK,80
QT,95
PG,160
GL,85
JE,0
BM,109
TP,0
HG,104
WL,110
PRC,32
TP,8
SK,80
TAP,120
YS,110
AMK,0
SB,180
TP,231
AMK,0
SB,180
TP,234
TP,0
AMK,132
BD,150
BD,96
BH,96
BB,110
BP,110
SB,0
CCK,81
QT,59
PG,0
GL,40
BM,142
JE,0
TP,0
HG,8
WL,111
PRC,32
TP,16
SK,160
TAP,100
YS,132
SB,112
BM,0
TP,269
SB,80
BM,141
TP,273
SB,79
BM,118
TP,0
AMK,100
BD,88
BD,150
BH,28
BB,20
BP,110
SB,0
CCK,78
QT,50
PG,151
GL,93
BM,130
JE,0
HG,84
WL,20
PRC,30
TP,8
SK,119
TAP,60
YS,132
AMK,0
SB,124
SB,110
SB,95
AMK,22
BD,90
BD,150
BH,28
BB,16
BP,60
SB,0
QT,40
PG,171
GL,94
BM,112
JE,0
HG,138
WL,20
PRC,24
TP,12
SK,91
TAP,80
CCK,56
YS,47
BP,16
SK,0
AMK,168
BD,154
BD,90
BH,60
BB,111
PG,171
GL,24
BM,112
JE,0
HG,103
WL,62
PRC,44
BP,8
TP,89
SK,91
TAP,120
CCK,56
YS,110
BM,0
BD,153
BD,88
BH,92
BB,119
BP,90
PG,156
BM,123
JE,0
HG,194
WL,16
PRC,44
TP,32
SK,80
SGN,80
TAP,120
CCK,16
YS,46
BH,0
PRC,0
SK,0
CCK,0
BD,139
BD,31
BH,80
BB,118
PG,0
BM,88
HG,8
WL,16
PRC,50
BP,38
TP,82
SK,80
SGN,72
TAP,100
TAP,0
CCK,39
YS,110
TAP,0
BD,96
BD,70
BH,48
BB,16
PG,0
BM,89
HG,132
WL,86
PRC,32
BP,132
TP,82
SK,80
SGN,56
TAP,100
TAP,0
CCK,39
YS,200
PRC,0
TAP,0
TAP,0
TAP,0
TAP,0
BD,239
BD,32
BH,105
BB,131
PG,160
BM,88
HG,120
TP,0
WL,55
PRC,50
BP,32
TP,32
SK,63
SGN,22
TAP,80
TAP,83
CCK,0
YS,110
JW,0
TP,246
JW,172
TP,237
JW,170
TP,237
JW,172
JW,168
BD,108
BD,96
BH,16
BB,64
BM,102
HG,96
TP,0
WL,52
PRC,72
BP,132
TP,156
SK,63
SGN,84
TAP,60
TAP,96
CCK,0
YS,132
JW,0
TP,237
TP,246
KWN,0
BD,95
QT,96
GL,90
KWN,0
QT,96
GL,0
BM,86
TP,72
KWN,131
TP,96
MP,96
GL,56
KWN,150
BM,81
CCK,96
BM,74
BT,96
KWN,87
KWN,0
QT,0
KWN,0
TP,117
BM,75
KWN,117
CT,0
TP,96
BD,96
BD,140
BH,96
BB,80
JW,0
BM,96
HG,96
WL,16
PRC,72
BP,72
TP,122
SK,128
SGN,108
TAP,114
CCK,0
YS,110
JW,131
JW,186
JW,192
JW,132
BD,120
BH,96
BB,80
JW,0
BM,212
TP,173
HG,80
WL,52
PRC,50
BP,72
TP,32
SK,119
SGN,120
TAP,120
TAP,120
CCK,66
YS,109
TP,0
SGN,0
BD,148
BH,96
BB,80
BM,144
TP,173
HG,128
WL,56
PRC,129
BP,132
TP,159
SK,123
SGN,60
TAP,80
TAP,80
CCK,56
YS,110
TP,0
PRC,0
SK,0
PRC,0
BD,47
BH,16
BB,31
BM,96
TP,183
HG,96
WL,16
QT,75
PRC,78
BP,132
TP,156
SK,96
SGN,120
GL,0
TAP,80
CCK,0
YS,32
SK,0
BD,48
BH,96
BB,30
BM,100
TP,183
HG,80
PRC,62
BP,24
TP,32
SK,131
SGN,96
TAP,8
TAP,153
CCK,45
WL,32
YS,32
BD,72
BH,115
BB,48
BM,79
TP,234
HG,80
QT,51
PRC,48
BP,28
TP,156
SK,131
SGN,40
TAP,80
TAP,160
CCK,0
WL,110
YS,110
BD,0
BD,124
BH,109
BB,130
BP,88
BM,177
TP,234
QT,84
PRC,77
TP,43
SK,131
SGN,96
TAP,120
TAP,78
CCK,0
WL,110
YS,109
TP,0
PRC,0
SK,0
CCK,0
BD,120
BH,80
BB,16
BP,60
TP,229
QT,24
PRC,91
TP,0
SK,96
SGN,167
TAP,28
BM,12
TAP,92
WL,32
YS,110
TP,0
TP,0
BD,120
BH,81
BB,131
BP,110
TP,180
QT,110
PRC,56
TP,46
SK,123
SGN,48
TAP,100
BM,116
TAP,90
WL,110
YS,185
QT,0
SK,0
BD,120
BH,96
BB,16
TP,180
QT,68
PRC,66
BP,110
SK,131
SGN,150
TAP,80
BM,129
TAP,116
WL,132
YS,88
PRC,0
SGN,0
PRC,0
KWN,76
BD,182
GL,90
KWN,174
QT,156
HG,180
TP,150
TP,258
MP,270
WL,207
KWN,88
CCK,120
BM,174
BT,16
KWN,210
MP,0
AMK,128
BD,104
BH,27
BB,28
JW,0
CCK,105
TP,180
QT,109
PRC,74
BP,110
SK,146
SGN,0
TAP,120
BM,12
TAP,111
WL,32
YS,110
BH,27
JW,266
QT,0
AMK,122
BD,0
BD,105
BH,34
BB,0
CCK,90
QT,196
PRC,46
BP,60
SK,98
SGN,89
TAP,80
TAP,116
WL,110
YS,110
JW,72
BH,0
CCK,0
QT,0
SGN,0
AMK,130
BD,0
BH,17
BB,26
BP,80
CCK,104
TP,229
QT,80
PRC,30
SK,96
SGN,58
WL,110
YS,24
JW,100
BD,123
BH,0
BP,0
SGN,0
BD,103
BH,176
SGN,0
BD,90
AMK,128
BD,0
BH,112
BB,0
BP,88
CCK,126
TP,140
QT,80
PRC,28
SK,96
SGN,112
TAP,80
WL,32
YS,113
JW,112
BD,103
TP,72
QT,0
SGN,0
BD,100
BD,117
AMK,128
BD,0
BH,104
BB,13
BP,96
HG,144
CCK,122
TP,140
QT,140
PRC,28
SK,96
SGN,88
TAP,120
WL,90
YS,88
JW,74
BD,153
BB,0
CCK,0
BD,151
AMK,155
BD,8
BH,114
BB,0
BP,96
HG,96
CCK,107
TP,140
QT,144
PRC,46
SK,98
TAP,120
WL,110
YS,88
JW,76
PRC,0
JW,0
AMK,155
BD,88
BH,114
BB,0
HG,80
CCK,80
TP,120
QT,144
PRC,28
SK,146
TAP,80
TAP,84
WL,40
YS,25
JW,88
TP,0
QT,0
SK,0
SK,0
AMK,47
BD,96
BH,114
BB,17
HG,12
CCK,120
TP,353
QT,140
PRC,29
SGN,195
TAP,80
TAP,153
WL,110
YS,108
JW,96
QT,0
SK,102
SGN,0
SK,100
SGN,0
SK,102
SK,102
AMK,3
BD,16
BH,98
BB,0
HG,103
CCK,107
TP,151
QT,102
PRC,37
TAP,32
TAP,110
WL,110
YS,24
JW,122
CCK,0
PRC,0
SK,102
SK,102
SK,102
SK,102
AMK,23
BD,96
BH,20
BB,0
HG,104
CCK,107
TP,154
QT,0
PRC,28
SK,0
TAP,32
TAP,132
WL,110
YS,88
JW,74
HG,0
SK,96
BD,0
BM,145
SK,0
GL,12
GL,152
QT,208
HG,76
KWN,154
TP,68
WL,260
MP,270
KWN,24
BM,78
CCK,141
BM,178
BT,96
KWN,273
QT,0
MP,0
BM,0
AMK,0
BD,72
BH,16
BB,120
HG,80
CCK,136
TP,176
QT,226
PRC,51
PG,0
SK,0
TAP,80
TAP,88
WL,132
YS,101
JW,68
CCK,0
PG,98
PG,98
AMK,0
BD,20
BH,98
BB,120
BM,57
HG,149
CCK,0
TP,176
QT,227
PRC,30
SK,0
TAP,32
TAP,160
WL,110
YS,110
JW,82
CCK,168
TP,0
QT,0
PG,109
CCK,119
PG,109
CCK,287
AMK,0
BD,20
BH,24
BB,146
BM,0
CCK,124
QT,100
PG,0
SK,0
TAP,80
TAP,80
WL,108
YS,392
JW,65
PG,99
SK,102
PG,99
SK,102
SK,102
AMK,84
BD,96
BH,98
BB,120
BM,0
BP,96
CCK,88
TP,131
TAP,80
QT,100
TAP,120
WL,16
JW,90
BP,0
PG,98
SK,102
JW,0
BP,0
PG,98
SK,68
SK,102
BD,88
BH,114
BB,130
BM,3
BP,96
CCK,90
PG,0
SK,0
TAP,80
QT,104
TAP,153
WL,16
JW,0
SK,102
QT,0
JW,72
SK,102
SK,102
BD,110
BH,114
BM,4
BB,130
BP,143
HG,132
TAP,120
QT,107
TAP,100
CCK,0
WL,90
YS,123
JW,0
PG,109
CCK,290
JW,76
PG,109
JW,114
BD,96
BH,104
BM,0
BB,18
BP,160
HG,145
PG,0
TAP,0
QT,107
TAP,102
CCK,0
WL,43
YS,132
JW,0
HG,0
PG,99
CCK,149
JW,152
PG,99
CCK,133
JW,114
BD,72
BH,104
BB,83
HG,145
BM,0
BP,172
PG,0
TAP,0
QT,144
WL,17
YS,114
BH,0
PG,85
TAP,60
PG,68
TAP,40
PG,68
TAP,40
PG,68
TAP,40
BD,19
BH,76
BB,83
HG,98
BM,0
TP,122
BP,96
PG,0
TAP,0
QT,144
WL,130
PG,68
QT,228
TAP,40
PG,68
TAP,40
PG,67
TAP,40
PG,64
TAP,60
BD,96
BH,16
BB,110
HG,123
BM,0
TP,131
PG,0
QT,199
WL,66
PG,62
QT,0
PG,67
PG,64
KWN,76
BD,0
BM,116
GL,0
QT,154
GL,150
QT,208
HG,132
KWN,133
TP,152
TP,320
MP,150
WL,208
BM,16
KWN,16
CCK,120
BM,145
BM,32
BT,138
KWN,0
GL,72
TP,0
MP,0
BM,174
GL,108
BM,0
AMK,179
BD,88
BH,84
BB,144
BP,126
HG,91
TP,308
QT,197
WL,66
YS,90
BP,0
PG,67
SK,196
PG,66
SK,123
PG,62
PG,0
AMK,96
BD,88
BH,120
BB,144
PG,0
BP,126
HG,91
TP,160
QT,120
WL,119
YS,109
PG,116
BP,0
TP,0
QT,0
KWN,8
SK,134
PG,124
SK,124
PG,136
AMK,178
BD,88
BH,98
BB,144
PG,0
BP,126
HG,114
TP,69
SK,0
WL,94
YS,112
PG,120
HG,0
TP,35
SK,206
PG,126
SK,192
PG,126
PG,0
AMK,168
BH,76
BB,24
BP,114
HG,91
TP,219
PG,0
WL,129
YS,132
PG,160
PG,82
PG,82
PG,90
AMK,198
BH,16
JW,154
BB,16
BP,90
TP,127
PG,0
WL,66
YS,136
PG,92
HG,166
PG,85
HG,166
PG,85
HG,209
PG,108
HG,208
AMK,140
BH,96
JW,100
BB,124
BP,144
TP,96
PG,0
WL,66
YS,90
JW,0
BP,0
PG,108
SK,124
JW,142
PG,82
SK,134
JW,190
PG,82
JW,133
PG,90
AMK,60
BH,120
JW,140
BB,110
PG,0
BP,126
WL,24
JW,0
PG,92
PG,85
PG,85
PG,160
AMK,154
BH,100
JW,198
BB,103
BP,169
TP,82
WL,96
JW,123
BP,0
BP,0
AMK,187
BH,124
JW,198
BB,110
PG,114
BP,169
SK,0
TP,46
WL,96
JW,85
SK,136
SK,170
SK,102
SK,117
AMK,120
BH,92
JW,180
BB,32
PG,0
BP,150
TP,96
WL,20
JW,85
BD,267
BM,145
GL,0
GL,56
QT,154
GL,149
QT,208
QT,0
HG,132
KWN,150
BM,0
KWN,107
TP,114
TP,146
WL,30
MP,150
KWN,88
BM,79
CCK,77
BM,174
BM,16
BT,22
KWN,0
GL,104
QT,0
QT,234
BM,0
TP,0
KWN,0
GL,120
QT,126
GL,126
QT,234
GL,107
QT,234
AMK,235
BD,156
BH,88
JW,0
BB,126
PG,0
BP,135
WL,0
PRC,84
SK,0
JW,122
JW,165
BP,0
WL,206
PRC,0
SK,153
JW,150
WL,206
SK,153
JW,90
WL,420
SK,136
SK,153
AMK,88
BD,156
BH,126
BB,16
PG,92
BP,172
TP,0
WL,0
PRC,84
SK,0
QT,87
JW,122
JW,150
BP,0
JW,150
AMK,141
BD,156
BH,84
JW,0
BB,106
PG,74
BP,167
PRC,55
SK,438
QT,87
WL,0
JW,85
SK,0
QT,0
WL,283
JW,0
WL,148
BD,144
BH,76
JW,0
BB,90
PG,92
BP,165
PRC,44
SK,0
QT,66
TP,70
WL,0
JW,85
JW,120
JW,0
BP,0
SK,96
WL,150
JW,120
SK,112
WL,120
JW,120
SK,112
WL,154
JW,90
SK,138
BD,0
BH,88
BB,32
PG,74
BP,171
PRC,55
SK,0
QT,122
TP,27
WL,0
JW,119
BD,0
JW,0
SK,112
WL,156
SK,112
SK,151
BD,144
BH,88
JW,436
BB,90
PG,96
BP,173
PRC,77
SK,0
TP,23
WL,0
BP,0
PRC,0
SK,70
WL,400
SK,133
WL,215
SK,127
WL,120
SK,109
BD,0
BH,80
JW,437
BB,70
PRC,71
PG,96
SK,0
TP,36
WL,0
BD,126
SK,97
BD,126
SK,81
SK,98
SK,97
BD,0
BH,80
JW,438
BB,120
PRC,71
PG,78
BD,144
WL,220
SK,95
BD,144
SK,95
BD,0
BH,88
JW,249
BB,90
PRC,84
PG,95
SK,0
BB,0
BD,104
WL,275
SK,100
BD,84
WL,280
SK,144
BD,150
SK,144
BD,180
SK,100
SK,0
BH,88
JW,100
BB,86
PRC,48
PG,0
WL,280
SK,94
WL,191
SK,88
SK,94
GL,120
BD,96
BM,116
BD,137
QT,154
GL,148
QT,216
QT,0
HG,132
BM,156
KWN,150
KWN,107
TP,72
BM,16
TP,0
MP,108
WL,54
QT,76
KWN,24
CCK,129
BM,364
BT,16
KWN,360
BD,0
QT,0
BM,0
KWN,0
TP,0
QT,0
KWN,0
BH,76
JW,100
BB,115
TP,0
PRC,98
PG,95
SK,98
SK,128
SK,0
BH,84
JW,499
BB,99
TP,96
PRC,60
PG,78
SK,86
SK,86
SK,0
BH,92
BB,87
TP,0
PRC,80
PG,96
SK,0
SK,98
SK,98
SK,98
BH,88
BB,80
PG,114
TP,96
PRC,48
SK,176
BH,92
BB,0
TP,199
PRC,70
PG,0
SK,180
BB,212
TP,0
SK,0
BB,276
BH,88
TP,539
PRC,44
PG,0
SK,166
TP,0
PG,90
SK,0
PG,90
PG,90
PG,90
PG,90
BH,84
JW,0
TP,188
PRC,55
PG,0
SK,123
JW,54
PG,86
JW,96
PG,86
PG,91
PG,76
BH,96
PRC,77
PG,0
SK,124
JW,94
PG,75
JW,92
PG,75
JW,60
JW,95
JW,60
PRC,77
PG,0
JW,60
PRC,80
PG,0
TP,172
PRC,0
PG,86
PG,86
PG,91
PG,76
KWN,138
BD,207
BD,86
PRC,0
BM,96
QT,127
GL,247
BM,94
GL,0
QT,219
GL,120
QT,368
HG,236
KWN,116
CT,264
BM,240
BM,120
GL,0
KWN,176
SGN,164
TP,198
MP,96
WL,237
BT,66
KWN,154
CCK,168
CT,200
BT,78
TP,94
KWN,0
KWN,0
BD,0
BM,106
QT,0
GL,3
GL,93
QT,0
BM,0
TP,0
SGN,0
WL,0
KWN,182
BM,0
GL,108
BM,0
KWN,164
BM,116
GL,87
KWN,191
BM,0
GL,89
KWN,182
GL,120
BD,96
BM,0
BD,164
GL,56
QT,173
GL,151
QT,0
QT,96
HG,132
KWN,318
BM,156
BM,116
TP,62
TP,146
MP,107
WL,0
QT,86
KWN,149
JE,306
CCK,110
BM,175
BM,16
KWN,195
JE,0
KWN,216
JW,60
PG,0
SK,0
TP,132
SK,139
SK,107
SK,0
SK,101
AMK,142
BD,205
BH,44
JW,40
BB,128
CCK,16
CL,88
HG,16
JE,96
BM,0
WL,104
BP,90
PG,0
SK,0
SGN,172
TAP,0
TP,132
TP,0
YS,107
BD,0
SK,137
PG,81
TAP,13
TP,87
SK,152
PG,81
TAP,36
TP,141
SK,122
PG,78
TAP,0
TP,102
SK,101
PG,112
TAP,66
TAP,66
TAP,0
AMK,129
BD,218
BH,6
JW,80
BB,128
CCK,118
CL,96
SK,90
HG,0
JE,12
WL,181
BP,96
SGN,102
TAP,140
TP,152
YS,110
SK,84
PG,117
TAP,0
PG,90
SK,84
SK,122
SK,0
AMK,160
BD,23
BH,60
JW,40
BB,128
CCK,50
CL,8
SK,0
HG,0
JE,102
WL,108
PRC,55
BP,102
PG,0
SGN,171
TAP,84
TP,167
YS,109
SK,157
CCK,0
PG,90
SK,103
PG,117
SK,90
SK,90
SK,156
AMK,100
BD,50
BH,72
JW,80
BB,96
CCK,84
CL,84
SK,0
HG,0
JE,108
WL,252
PRC,66
BP,122
PG,0
SGN,151
TAP,120
TP,152
YS,111
SK,157
PG,112
PRC,0
SK,103
PG,78
SK,90
PG,81
SK,90
PG,81
SK,0
AMK,100
BD,39
BH,73
JW,40
BB,120
CCK,88
CL,96
HG,0
JE,90
WL,182
PRC,66
BP,110
SGN,102
TAP,96
TP,284
TP,0
YS,104
SK,85
PG,90
SK,67
SK,120
SK,0
AMK,160
BD,0
BH,61
JW,80
BB,120
CCK,110
CL,85
HG,0
JE,84
WL,180
PRC,55
BP,110
SGN,159
TAP,96
TP,163
TP,0
YS,32
JW,0
SK,152
PG,375
TP,104
SK,120
TP,112
SK,152
TP,90
SK,90
TP,86
SK,0
AMK,100
BH,72
JW,160
BB,115
CCK,54
CL,0
SK,0
HG,0
JE,112
PRC,55
BP,110
PG,0
SGN,160
TAP,96
TP,172
TP,0
YS,32
AMK,0
BH,0
JW,0
SK,124
PRC,0
PG,81
TP,85
SK,93
PG,81
TP,62
SK,93
PG,87
TP,62
SK,157
PG,81
TP,87
AMK,152
BH,16
JW,431
BB,119
CCK,72
CL,0
SK,0
HG,0
JE,111
BD,42
PRC,66
BP,110
PG,0
SGN,102
GL,71
TAP,87
TP,90
YS,110
JW,0
CL,139
SK,60
BD,0
PG,90
TAP,150
TP,312
CL,139
SK,60
BD,0
PG,105
CL,0
BD,0
PG,81
CL,0
BD,0
AMK,108
BH,65
JW,361
BB,120
CCK,16
SK,0
HG,0
JE,108
BD,0
PRC,55
BP,16
PG,0
SGN,124
TAP,84
TP,90
YS,88
JW,0
CL,152
SK,90
PG,105
CL,152
SK,90
PG,105
SK,90
PG,180
GL,120
BD,96
BD,164
QT,148
GL,153
QT,188
GL,31
QT,96
HG,130
BM,196
KWN,320
TP,58
BM,16
TP,0
WL,0
GL,14
QT,103
KWN,96
JE,302
BM,152
BT,132
BD,0
BM,0
JE,0
AMK,108
BH,74
JW,434
BB,216
CCK,118
CL,0
SK,0
HG,58
JE,213
TP,0
WL,0
BD,36
PRC,68
BP,80
PG,0
SGN,138
TAP,110
YS,126
BB,360
JW,0
CL,255
SK,120
PG,90
CL,280
SK,60
PG,90
CL,153
SK,120
PG,180
AMK,215
BH,61
JW,434
BB,192
CCK,66
SK,0
HG,34
JE,160
TP,3
WL,0
BD,33
PRC,99
BP,80
PG,0
SGN,150
TAP,114
YS,109
SK,90
CL,187
BD,0
PG,112
SK,120
PG,129
SK,120
PG,119
SK,120
PG,112
AMK,214
BD,0
TP,0
BH,80
JW,110
BB,149
CCK,110
SK,0
HG,0
JE,96
TP,3
WL,119
PRC,110
BP,16
PG,0
SGN,84
TAP,132
YS,88
TP,100
BH,0
JW,0
SK,84
PG,114
PRC,185
TP,126
SK,84
PG,120
TP,120
SK,84
TP,83
AMK,142
BD,136
TP,0
BH,104
JW,110
BB,103
CCK,110
SK,0
JE,96
TP,170
WL,119
PRC,88
BP,114
PG,0
SGN,84
TAP,132
YS,88
TP,104
SK,84
PG,114
TP,130
SK,84
PG,120
TP,130
PG,105
AMK,141
BD,115
BH,83
JW,110
BB,28
CCK,62
JE,127
TP,170
WL,96
PRC,90
BP,110
SGN,27
TAP,114
YS,110
TP,78
BD,0
TP,78
TP,78
AMK,130
BD,0
BH,60
JW,110
BB,150
CCK,90
SK,0
JE,15
TP,96
WL,96
PRC,99
BP,24
SGN,134
TAP,114
YS,116
TP,78
BD,0
SK,150
JE,24
TP,132
SK,105
TP,118
SK,0
AMK,144
BD,0
BH,61
JW,0
BB,110
CCK,16
SK,0
JE,88
TP,96
WL,96
PRC,99
BP,110
SGN,84
TAP,110
YS,110
JW,83
SK,89
PRC,0
JW,126
SK,90
PRC,0
SK,90
SK,90
AMK,240
BD,31
BH,73
JW,0
BB,128
CCK,99
SK,0
JE,88
TP,96
WL,120
PRC,57
BP,132
SGN,132
PG,0
TAP,131
YS,110
JW,83
SK,90
JE,12
BP,0
PG,124
JW,126
SK,119
PG,128
SK,105
PG,128
PG,90
AMK,190
BD,54
BH,14
BB,28
CCK,72
JE,88
TP,96
WL,139
PRC,44
BP,132
SGN,132
PG,0
TAP,132
YS,110
JW,84
JW,112
JW,112
JW,84
AMK,143
BD,0
BH,72
BB,149
CCK,54
JE,88
TP,190
PRC,44
BP,132
SGN,132
PG,0
TAP,110
YS,110
BD,94
JE,96
BD,97
BD,95
BD,97
GL,120
BD,156
KWN,198
BD,264
QT,65
GL,90
QT,288
GL,96
BM,280
HG,132
KWN,118
BM,156
TP,0
WL,191
QT,73
BH,288
KWN,96
JE,302
BM,149
BM,16
KWN,0
BM,0
KWN,0
BH,0
JE,0
BM,0
AMK,140
BD,0
BH,64
BB,22
CCK,72
HG,92
JE,96
TP,90
PRC,66
BP,132
SGN,132
PG,0
TAP,32
YS,116
BD,95
PRC,0
PG,158
BD,97
PRC,0
PG,160
BD,97
PG,120
AMK,88
BD,0
BH,95
JW,84
BB,84
CCK,12
HG,86
JE,15
TP,90
PRC,66
BP,132
SGN,157
TAP,14
TAP,132
YS,88
BD,94
JW,0
JE,90
PG,150
BD,95
JW,0
PG,144
BD,97
AMK,88
BD,0
BH,67
BB,20
HG,72
JE,24
TP,266
PRC,44
BP,22
SGN,156
TAP,80
PG,0
TAP,110
YS,101
BD,136
PG,144
BD,162
BD,202
AMK,153
BD,0
BH,92
BB,84
CCK,104
JE,24
TP,96
PRC,44
BP,132
SGN,158
TAP,80
TAP,32
YS,99
SK,96
JE,63
PG,504
SGN,247
SK,59
SK,59
SK,96
AMK,160
BH,100
BB,46
CCK,72
JE,88
TP,96
PRC,55
BP,22
SGN,120
TAP,110
PG,0
TAP,32
YS,97
SK,78
PG,136
SK,59
PG,160
SK,59
PG,158
SK,67
SK,0
AMK,193
BH,54
BB,129
CCK,72
JE,12
TP,173
SK,0
PRC,72
BP,110
SGN,156
TAP,80
TAP,110
YS,100
SK,78
JE,122
PRC,0
BP,0
SK,59
PRC,0
SK,100
AMK,110
BH,112
BB,31
CCK,86
JE,96
TP,150
PRC,121
BP,110
SGN,120
TAP,60
PG,0
TAP,110
YS,24
AMK,0
SK,99
PG,96
AMK,3
SK,59
PG,96
AMK,0
SK,100
PG,99
AMK,0
SK,0
PG,0
AMK,2
AMK,3
AMK,0
AMK,0
AMK,0
BH,69
BB,120
CCK,84
JE,96
TP,150
PRC,97
BP,110
SGN,134
TAP,80
TAP,136
YS,96
AMK,260
SK,84
CCK,0
TP,0
PG,95
SK,60
PG,95
SK,110
SK,60
AMK,0
BH,100
BB,150
CCK,88
JE,111
TP,150
PRC,97
BP,60
PG,0
SGN,120
TAP,80
TAP,40
YS,103
AMK,200
SK,60
TP,0
PG,108
AMK,130
SK,98
PG,123
SK,60
SK,0
AMK,110
BH,118
BB,150
CCK,88
SK,90
HG,0
JE,154
TP,96
PRC,121
BP,110
SGN,120
TAP,60
TAP,110
YS,88
PG,122
PG,137
GL,120
BD,156
KWN,125
BD,264
QT,110
GL,90
QT,291
GL,80
HG,196
BM,156
BM,16
WL,190
BH,142
KWN,48
JE,242
BM,130
TP,176
BD,0
QT,0
QT,126
BH,0
BM,0
QT,96
AMK,151
BH,60
BB,150
CCK,118
SK,150
HG,85
JE,96
TP,96
PRC,120
BP,110
SGN,157
TAP,80
TAP,110
YS,24
BB,180
TAP,0
TAP,110
TAP,90
TAP,55
TAP,44
TAP,44
TAP,44
TAP,44
TAP,55
AMK,110
CT,0
BH,94
BB,173
CCK,16
SK,150
HG,102
JE,152
TP,176
PRC,98
BP,24
SGN,88
TAP,90
PG,0
TAP,32
YS,88
BH,0
PRC,0
PG,90
PG,96
AMK,144
CT,120
BH,75
BB,40
CCK,72
SK,140
HG,124
JE,89
TP,174
PRC,98
BP,110
SGN,88
TAP,90
PG,0
TAP,110
YS,110
SGN,90
PG,96
PG,96
PG,192
AMK,142
CT,120
BH,61
BB,140
CCK,72
SK,90
HG,28
JE,84
TP,121
PRC,120
BP,60
SGN,100
TAP,110
PG,0
TAP,110
YS,19
SK,0
TP,0
PRC,0
PG,192
PG,96
PG,96
AMK,88
BH,52
BB,24
BP,84
CCK,110
SK,84
HG,90
JE,88
TP,117
PRC,120
SGN,88
TAP,80
PG,0
TAP,132
YS,117
BP,0
SGN,90
PG,112
PG,96
AMK,153
BH,63
BB,179
BP,116
CCK,64
SK,84
HG,28
JE,15
TP,129
PRC,48
SGN,88
TAP,14
TAP,132
YS,84
PRC,0
BH,100
BB,108
BP,110
CCK,88
SK,120
HG,96
JE,96
TP,76
PRC,60
SGN,100
TAP,132
YS,84
SK,0
SGN,90
BH,85
BP,118
BB,16
CCK,118
SK,120
HG,125
JE,12
TP,72
PRC,48
SGN,105
TAP,132
YS,102
BH,0
BH,76
BP,96
BB,173
CCK,16
SK,137
HG,116
JE,96
TP,126
PRC,62
SGN,100
TAP,32
YS,88
SGN,0
BH,96
BB,171
BP,76
CCK,24
SK,98
HG,133
JE,96
TP,126
PRC,60
SGN,88
TAP,32
YS,27
PRC,0
GL,120
KWN,124
BM,119
BD,264
GL,150
QT,0
HG,207
WL,191
BD,156
BH,144
KWN,0
QT,111
JE,110
BM,130
BM,16
BH,0
BH,8
BP,110
BB,172
SK,92
HG,112
JE,80
TP,48
PRC,60
SGN,88
TAP,110
YS,110
JE,63
JE,162
JE,0
BH,100
BB,173
BP,80
SK,90
HG,158
JE,215
TP,64
PRC,48
SGN,124
TAP,110
YS,132
BB,0
SK,0
BH,70
BP,88
BB,136
HG,182
JE,12
TP,46
PRC,46
SGN,90
TAP,66
TAP,32
YS,139
BH,116
BP,68
BB,108
HG,24
JE,132
TP,16
PRC,47
SGN,96
TAP,92
TAP,110
YS,130
AMK,154
BH,6
BB,136
BP,99
SK,84
HG,160
JE,236
TP,56
PRC,47
SGN,16
TAP,98
TAP,110
YS,88
AMK,154
BH,76
BB,16
BP,14
SK,84
HG,84
JE,89
TP,20
PRC,46
SGN,96
TAP,98
TAP,95
YS,88
PRC,0
PRC,0
BP,120
BH,80
BB,16
SK,84
HG,19
JE,88
TP,96
PRC,44
SGN,88
TAP,92
TAP,137
YS,100
BH,0
BH,10
BB,110
SK,87
HG,133
JE,190
TP,96
PRC,44
TAP,66
TAP,120
YS,110
SK,0
BP,128
BH,72
BB,110
CCK,114
SK,112
HG,181
JE,156
TP,120
PRC,46
TAP,0
TAP,100
YS,24
SK,0
BP,110
BH,80
BB,110
CCK,104
SK,87
HG,96
JE,102
TP,64
PRC,47
TAP,126
YS,110
KWN,0
BD,78
QT,0
GL,148
QT,0
HG,247
CT,298
BM,0
BM,16
WL,120
BD,3
BH,198
KWN,0
QT,110
JE,110
CCK,120
BM,96
TP,198
BD,0
BM,92
KWN,287
BM,236
BP,132
BH,90
BB,110
CCK,96
HG,24
JE,110
TP,96
PRC,49
TAP,104
YS,130
SK,84
SK,84
SK,84
SK,84
BP,132
BH,70
BB,24
CCK,105
SK,90
HG,96
JE,112
TP,64
PRC,46
TAP,160
YS,24
CCK,0
BP,110
BH,60
BB,24
CCK,120
SK,120
HG,182
JE,93
TP,16
PRC,66
TAP,42
YS,24
SK,0
AMK,110
BP,116
BH,82
BB,32
CCK,0
SK,90
HG,96
JE,85
TP,24
PRC,72
SGN,38
TAP,90
TAP,140
YS,132
AMK,49
CCK,0
AMK,110
BP,60
BH,118
BB,88
CCK,58
SK,90
HG,40
JE,0
TP,78
PRC,74
SGN,56
TAP,89
TAP,90
YS,110
SGN,0
AMK,153
BP,96
BH,71
BB,24
SK,84
JE,0
TP,56
PRC,52
SGN,112
TAP,69
TAP,36
YS,110
AMK,0
PRC,0
AMK,130
BP,0
BH,63
BB,32
SK,84
JE,19
TP,132
PRC,80
SGN,112
TAP,90
PG,0
TAP,90
YS,15
AMK,0
SK,0
PG,128
SGN,0
TAP,0
PG,128
PG,142
PG,128
AMK,264
BP,134
BH,90
JW,56
BB,88
SK,0
JE,235
TP,60
PRC,38
SGN,102
PG,0
TAP,100
YS,90
JW,0
SK,118
PRC,0
SGN,0
SK,84
SK,128
AMK,48
BH,12
JW,56
BB,110
BP,0
SK,0
JE,120
TP,96
PRC,0
PG,0
SGN,102
TAP,56
YS,14
SK,86
PG,94
SK,86
PG,64
SK,86
PG,96
SK,86
AMK,96
BH,69
JW,56
BB,135
BP,95
SK,0
JE,12
TP,120
PRC,0
PG,0
TAP,144
YS,90
BP,0
SK,102
PG,94
BP,0
SK,84
PG,96
SK,112
PG,128
KWN,92
BD,82
QT,96
QT,227
CT,120
BM,0
BM,107
WL,120
BD,3
BH,396
KWN,0
CCK,143
BM,96
BM,16
TP,198
BD,0
BM,148
KWN,240
BM,202
KWN,211
BM,184
BM,202
AMK,0
BP,0
BH,69
JW,98
BB,110
JE,90
TP,0
SK,0
TAP,80
YS,110
AMK,133
PG,62
SK,102
AMK,150
PG,64
SK,86
AMK,0
PG,64
SK,84
SK,126
BH,85
JW,70
BB,16
SK,0
JE,175
PG,0
SGN,52
TAP,126
TP,139
CT,0
YS,12
PG,120
SK,86
TP,0
PG,64
SK,112
PG,64
SK,84
SK,86
BH,85
JW,119
BB,24
SK,0
JE,15
SGN,47
TAP,144
TP,138
CT,78
YS,110
JW,0
SK,126
SK,84
SK,84
SK,84
BH,121
JW,112
BB,110
SK,0
JE,80
SGN,75
TAP,144
TP,140
CT,124
YS,104
BH,0
BH,75
JW,56
BB,110
JE,189
PG,0
SGN,0
TAP,119
TP,140
CT,127
YS,110
SK,50
PG,128
SK,64
SK,64
SK,64
SK,64
SK,64
BH,84
JW,56
BB,142
SK,0
TP,0
SGN,0
TAP,135
JE,135
YS,154
SK,64
TP,217
PG,128
SK,64
PG,64
SK,64
PG,64
SK,64
PG,64
SK,64
BH,69
JW,56
BB,112
SK,0
PRC,37
PG,0
SGN,0
TAP,126
JE,86
YS,110
SK,64
TP,163
PG,120
SK,64
PG,112
SK,64
PG,112
SK,0
PG,64
BH,76
JW,84
BB,143
SK,0
PRC,37
PG,0
SGN,0
TAP,305
JE,135
YS,32
SK,95
TP,162
PRC,0
PG,89
JE,0
SK,93
PG,89
PG,58
BH,99
JW,0
BB,88
SK,0
PRC,42
PG,0
TAP,120
JE,87
YS,32
JW,65
BH,0
SK,95
PG,59
JW,92
SK,95
PG,89
JW,107
SK,96
PG,89
SK,96
PG,89
BH,80
BB,124
SK,0
PRC,42
PG,0
TAP,182
JE,135
YS,151
SK,94
PRC,0
PG,89
CT,32
YS,238
SK,99
PRC,0
PG,89
CT,138
YS,238
SK,99
PG,89
CT,31
SK,99
GL,89
KWN,0
BD,72
QT,96
QT,280
CT,3
KWN,118
BM,0
BM,15
MP,96
WL,120
BD,232
BM,156
TP,198
GL,0
BD,0
BM,150
BM,92
BP,154
BH,71
PRC,42
PG,0
CT,0
SK,0
TAP,223
JE,111
YS,110
PG,89
SK,100
PG,89
PG,58
BP,18
BH,93
BB,99
CCK,64
JW,0
PRC,44
PG,0
CT,186
SK,0
TAP,205
JE,111
YS,32
JW,91
PG,120
SK,90
JW,91
PG,90
SK,92
JW,88
PG,118
SK,92
JW,88
PG,88
BP,88
BH,110
BB,109
GL,80
CCK,51
JW,0
PRC,80
PG,0
SK,0
TAP,213
JE,135
YS,114
JW,87
PG,88
PRC,0
SK,106
JW,90
PG,88
SK,106
JW,90
PG,89
SK,106
JW,90
PG,88
SK,106
BP,100
BH,0
BB,0
CCK,52
SK,0
JW,0
PRC,90
PG,0
TAP,120
JE,76
YS,110
BH,160
SK,56
JW,98
PG,90
PRC,0
JE,0
BH,160
SK,56
JW,115
PG,93
BH,0
SK,112
JW,100
PG,89
SK,112
JW,114
PG,89
SK,0
BP,132
BB,26
CCK,63
SK,0
JW,0
PRC,60
PG,0
TAP,154
JE,98
YS,132
SK,98
JW,84
PG,90
JE,0
SK,93
JW,84
PG,93
SK,100
JW,84
PG,93
SK,0
JW,112
PG,92
BP,132
BH,0
BB,16
CCK,48
SK,0
JW,0
PRC,50
TAP,164
JE,76
YS,114
BH,160
SK,112
JW,98
BH,0
SK,110
JW,115
SK,103
JW,115
SK,104
JW,98
BP,104
BB,0
CCK,84
SK,0
JW,0
TAP,112
JE,111
YS,136
CCK,0
JW,114
JW,115
JW,115
JW,98
BP,105
BB,0
CCK,70
SK,0
TAP,150
JE,111
YS,70
SK,110
SK,112
SK,104
SK,107
BH,76
BB,26
CCK,24
SK,0
TAP,93
JE,111
YS,136
SK,114
SK,93
SK,100
SK,0
BH,0
BB,0
CCK,20
SK,0
TAP,108
JE,111
YS,114
SK,168
SK,84
SK,140
GL,89
KWN,91
GL,155
QT,0
QT,308
BM,148
BM,173
KWN,119
BM,206
CT,138
WL,120
MP,96
BD,231
BM,142
BM,12
GL,0
BM,0
QT,204
CT,0
QT,260
BM,0
QT,272
QT,206
BH,0
BB,109
CCK,114
SK,0
TAP,87
JE,95
YS,114
SK,84
SK,84
BH,25
BB,15
CCK,78
SK,0
TAP,90
JE,111
YS,16
SK,84
SK,112
BH,0
CCK,84
SK,0
TAP,104
JE,95
YS,24
SK,112
JE,0
SK,84
SK,84
BH,0
BB,106
CCK,141
TAP,220
JE,100
YS,132
BH,0
BB,0
CCK,115
TAP,120
JE,111
YS,110
BH,76
BB,62
CCK,99
TAP,219
YS,19
BB,0
JE,113
JE,99
JE,68
JE,113
JE,0
BH,92
BB,93
CCK,78
SK,0
TAP,120
YS,110
SK,112
JE,111
SK,112
JE,113
SK,224
JE,113
JE,111
JE,0
BH,32
BB,77
CCK,72
TAP,144
YS,110
SK,196
CCK,0
JE,113
SK,56
JE,113
SK,112
JE,111
JE,68
JE,0
BH,131
CCK,119
SK,0
PG,0
TAP,126
YS,136
BB,90
SK,112
JE,135
PG,90
BB,90
SK,84
JE,72
PG,90
BB,132
SK,84
JE,80
PG,120
BB,137
JE,135
BB,144
JE,75
BB,84
JE,0
BB,98
BB,0
BB,0
BH,131
BB,0
CCK,99
SK,0
PG,0
TAP,110
YS,136
BB,90
SK,154
PG,120
BB,90
SK,154
PG,120
BB,112
SK,0
PG,90
BB,112
PG,120
BB,185
BB,137
BB,156
BB,0
GL,89
KWN,0
BD,60
QT,294
KWN,117
CT,133
BM,16
TP,196
MP,96
WL,104
BD,231
QT,106
BM,154
BD,68
QT,0
WL,0
BD,0
BD,0
BH,157
CCK,78
SK,0
TAP,40
YS,0
BH,0
BB,108
SK,144
BB,96
SK,128
BB,96
SK,90
BB,126
BB,102
BB,112
BB,126
BB,0
BH,157
CCK,88
SK,0
TAP,110
YS,42
BB,126
SK,102
BB,96
SK,101
BB,102
SK,84
BB,96
SK,118
BB,120
BB,0
BH,131
BB,0
CCK,10
SK,0
PG,0
TAP,40
YS,28
BB,200
SK,98
BB,256
SK,154
BB,154
BB,0
BH,131
BB,0
CCK,110
SK,0
PG,116
TAP,110
YS,48
BB,256
SK,82
BB,154
SK,112
BB,154
SK,112
BB,256
SK,84
CCK,112
PG,117
TAP,110
YS,0
SK,84
CCK,110
SK,0
PG,117
TAP,110
SK,142
PG,0
SK,128
SK,98
BB,0
CCK,84
SK,0
PG,116
TAP,108
YS,134
BB,224
SK,112
CCK,83
YS,0
BB,261
SK,114
CCK,66
BB,259
SK,114
CCK,66
CCK,69
CCK,84
BB,75
CCK,52
SK,0
PG,114
TAP,110
YS,96
SK,177
CCK,64
SK,177
CCK,70
SK,0
CCK,92
SK,0
CCK,92
BB,75
PG,86
TAP,110
YS,96
SK,177
SK,177
SK,177
SK,177
BB,78
SK,0
PG,114
YS,96
SK,177
TAP,108
SK,177
TAP,270
SK,128
SK,0
KWN,138
BD,206
PRC,0
BM,120
QT,127
GL,0
BM,95
QT,219
GL,144
QT,102
KWN,116
BM,520
CT,270
GL,108
TP,172
SGN,118
MP,96
WL,456
YS,0
GL,156
BT,150
KWN,284
CCK,120
BM,231
CT,165
BT,64
KWN,0
TP,90
QT,0
BM,0
GL,70
QT,101
TP,0
GL,0
BM,0
KWN,175
KWN,142
KWN,173
KWN,175
GL,115
KWN,125
GL,155
BD,216
QT,295
QT,102
BM,175
KWN,100
CT,138
QT,160
WL,156
MP,203
BD,230
JE,110
BM,115
GL,0
QT,81
QT,0
BD,0
SB,107
SK,0
AMK,195
BB,92
CL,112
HG,120
JE,166
PG,0
SGN,20
BH,70
TAP,112
GL,94
WL,40
SK,88
PG,80
SK,112
PG,60
SK,144
PG,59
SK,98
PG,59
SK,0
AMK,198
BB,24
SB,85
CCK,0
CL,112
HG,168
JE,208
PG,0
SGN,131
BH,32
TAP,110
GL,99
WL,49
YS,110
SK,112
PG,75
WL,222
SK,168
PG,60
SK,84
PG,60
SK,90
PG,60
AMK,132
SK,0
BB,32
SB,102
CL,152
HG,32
JE,84
PG,0
SGN,129
BH,100
TAP,66
WL,26
YS,110
SK,130
PG,59
SK,154
PG,60
SK,159
PG,51
PG,51
SK,0
AMK,132
BB,132
SB,104
CCK,0
CL,196
HG,179
JE,178
SGN,21
BH,142
TAP,66
GL,56
WL,27
YS,110
SK,141
WL,0
SK,123
WL,0
SK,0
AMK,90
SK,0
BB,132
SB,75
CCK,52
CL,213
HG,23
JE,132
PG,0
SGN,130
BH,119
TAP,88
GL,24
WL,0
YS,120
SK,110
PG,80
SK,107
PG,80
SK,107
PG,0
SK,110
PG,108
SK,0
AMK,90
BB,32
SB,117
CCK,77
CL,196
HG,110
JE,210
SGN,130
BH,32
TAP,66
GL,0
WL,28
YS,96
SK,113
AMK,0
CL,0
CCK,0
SB,0
PG,112
WL,0
SK,90
SB,0
PG,112
SK,151
PG,112
SK,0
PG,108
SK,0
BB,132
SB,75
CCK,86
CL,148
HG,118
JE,120
SGN,180
BH,120
TAP,66
WL,72
YS,0
SK,92
AMK,74
TAP,0
AMK,74
SK,90
SK,98
AMK,230
AMK,0
SK,96
SK,0
BB,132
SB,104
CCK,4
CL,145
HG,178
JE,167
PG,0
SGN,80
BH,166
TAP,55
WL,60
YS,96
SK,116
AMK,172
PG,456
AMK,168
SK,98
PG,282
SK,116
AMK,0
PG,334
SK,0
BB,40
SB,102
CCK,0
CL,197
HG,113
JE,120
SGN,80
BH,191
TAP,44
WL,16
YS,119
SK,104
AMK,184
CL,0
AMK,0
SK,104
SK,104
SK,104
GL,176
BD,96
KWN,288
BD,216
GL,157
QT,147
QT,110
CT,0
TP,346
MP,199
QT,124
WL,129
JE,110
BM,116
GL,0
GL,0
QT,0
QT,0
QT,0
SK,0
BB,32
SB,84
CL,195
HG,144
JE,120
PG,0
SGN,88
BH,120
TAP,44
WL,110
YS,72
SK,104
AMK,171
PG,255
AMK,165
SK,104
PG,287
AMK,167
PG,262
AMK,0
AMK,84
SK,0
BB,32
SB,107
CL,0
HG,105
JE,96
SGN,24
BH,32
TAP,55
GL,88
WL,110
YS,132
SK,104
CL,296
TAP,0
SK,104
CL,296
SK,104
CL,296
SK,104
CL,0
AMK,84
SK,0
BB,132
CL,0
HG,20
JE,126
SGN,88
SB,135
BH,90
PG,0
TAP,55
GL,24
WL,32
YS,132
SK,104
CL,228
PG,140
SK,104
CL,228
PG,90
CL,228
PG,114
CL,0
SK,0
AMK,194
BB,132
HG,180
JE,90
SB,105
SGN,16
BH,162
PG,0
TAP,44
GL,115
WL,110
SK,82
SB,0
PG,150
SK,108
PG,89
SK,84
PG,99
SK,84
AMK,242
SK,0
BB,16
HG,105
JE,108
PG,0
SB,108
SGN,16
TAP,44
GL,124
WL,132
YS,87
SK,78
PG,160
SK,108
PG,166
SK,84
BM,0
SK,78
AMK,0
BB,116
CL,88
HG,18
JE,144
PG,0
SB,90
SGN,88
TAP,55
GL,124
WL,16
YS,0
AMK,171
SK,72
PG,160
YS,112
SK,72
AMK,135
PG,168
YS,98
SK,100
YS,112
BB,132
CL,88
HG,135
JE,177
PG,0
SB,120
SGN,8
TAP,90
GL,135
WL,110
YS,0
SK,100
AMK,165
PG,102
SB,0
TAP,0
YS,112
SK,72
AMK,0
PG,77
YS,112
SK,72
PG,76
YS,112
PG,100
AMK,91
SK,0
BB,24
CL,88
HG,120
JE,162
SGN,81
SB,150
TAP,90
GL,16
WL,131
YS,0
SK,82
YS,98
SK,108
YS,168
SK,84
YS,168
SK,84
AMK,198
SK,0
BB,132
CL,88
HG,24
JE,19
SB,121
SGN,81
TAP,81
GL,115
WL,132
YS,0
SK,78
CL,0
JE,143
YS,98
SK,106
JE,0
YS,98
SK,82
YS,112
SK,78
AMK,194
SK,0
BB,116
CL,142
HG,120
JE,120
SB,86
SGN,70
TAP,81
GL,115
WL,110
SK,110
SK,139
SK,112
GL,118
BD,96
KWN,276
GL,132
BD,257
GL,159
QT,222
QT,208
BM,88
KWN,119
QT,163
MP,194
WL,128
CT,127
JE,110
BM,138
BD,0
GL,0
KWN,0
MP,0
QT,0
SK,0
AMK,131
BB,16
CL,178
HG,140
JE,120
SB,79
BH,0
TAP,81
GL,115
WL,32
YS,132
SK,88
SK,86
SK,84
SK,86
AMK,131
SK,0
BB,132
HG,160
JE,90
SB,100
SGN,90
PG,0
MP,0
TAP,72
JW,82
GL,24
WL,144
YS,132
SK,110
SK,153
SK,112
AMK,129
BB,132
HG,136
JE,120
SB,111
SGN,70
PG,0
TAP,84
JW,80
GL,88
WL,96
YS,88
SK,116
JE,80
SB,0
PG,84
SK,84
PG,84
SK,84
PG,116
PG,132
AMK,154
BB,112
HG,16
JE,76
SGN,136
SK,0
SB,100
JW,80
TAP,84
GL,114
WL,60
YS,88
AMK,0
SK,114
SB,0
PG,126
SK,157
PG,126
SK,112
PG,90
PG,90
AMK,110
BB,124
CL,132
HG,120
JE,96
SGN,96
SB,111
SK,0
PG,0
JW,80
TAP,54
GL,114
WL,16
YS,60
JE,0
SK,88
SK,86
SK,84
SK,86
AMK,110
BB,136
CL,33
HG,100
JE,76
SK,0
SGN,96
SB,98
PG,0
TAP,47
JW,80
GL,19
WL,69
YS,96
AMK,0
SB,0
PG,124
SK,100
SK,143
PG,124
SK,112
AMK,120
SK,0
BB,24
CL,189
HG,110
JE,12
SB,84
SGN,23
PG,0
JW,80
TAP,47
GL,72
WL,80
YS,96
SK,87
PG,240
SK,89
PG,190
SK,89
PG,114
SK,90
AMK,120
SK,0
BB,16
CL,150
HG,177
JE,76
SGN,96
SB,117
PG,0
TAP,54
JW,82
GL,114
WL,16
YS,110
SK,120
PG,160
SK,180
PG,152
SK,90
PG,144
AMK,152
BB,16
CL,39
HG,191
JE,96
SB,87
SGN,96
TAP,54
JW,82
GL,16
WL,60
YS,60
JW,0
SK,0
AMK,154
BB,110
CL,216
JE,119
SB,107
SGN,152
TAP,44
JW,82
GL,94
WL,32
YS,110
SK,117
SK,105
SK,0
GL,94
BD,249
KWN,288
BD,96
GL,159
QT,221
KWN,118
BM,23
QT,164
WL,120
MP,203
CT,0
QT,116
JE,106
BM,169
BD,0
QT,0
QT,0
AMK,195
SK,0
BB,80
CL,152
JE,120
SB,150
SGN,134
TAP,52
JW,82
GL,94
WL,60
YS,99
SK,105
SB,0
TAP,0
SK,105
AMK,196
BB,118
CL,154
JE,124
SGN,88
SB,150
TAP,52
JW,50
GL,12
WL,72
YS,110
SK,90
JW,0
TAP,0
SK,105
SK,90
AMK,168
SK,0
BB,32
CL,130
HG,120
JE,124
SGN,138
SB,107
TAP,54
JW,53
GL,8
WL,16
YS,88
SK,90
SK,120
SK,120
AMK,179
SK,0
BB,132
CL,130
HG,24
JE,12
JW,53
CT,126
SB,107
SGN,88
TAP,52
GL,70
WL,16
YS,0
SK,90
YS,88
SK,90
YS,120
SK,90
YS,106
SK,75
YS,140
AMK,100
SK,0
BB,32
CL,152
HG,120
JE,24
JW,54
CT,88
SB,169
SGN,88
TAP,54
GL,70
WL,88
YS,0
SK,90
SB,0
YS,88
SK,117
YS,98
SK,115
YS,98
YS,98
AMK,120
SK,0
BB,16
CL,152
HG,12
JE,16
JW,64
SB,117
SGN,138
CT,0
TAP,47
GL,8
WL,130
SK,120
SB,0
CT,161
YS,82
SK,90
CT,131
YS,98
SK,89
YS,98
SK,0
AMK,120
BB,111
CL,96
HG,120
JE,72
SB,120
CT,0
JW,64
TAP,47
GL,112
WL,112
SK,90
SB,0
YS,98
SK,120
YS,98
SK,90
YS,98
SK,90
SK,0
AMK,120
BB,116
CL,96
HG,120
JE,84
JW,0
SB,120
TAP,54
JW,0
GL,16
WL,88
SB,0
JW,114
JW,114
JW,117
JW,114
SK,0
AMK,3
BB,144
CL,96
HG,8
JE,18
SB,120
JW,0
TAP,99
GL,114
WL,24
SK,148
JW,117
SK,130
JW,133
SK,120
SK,105
AMK,6
BB,132
CL,197
HG,96
JE,120
JW,0
SB,0
TAP,93
GL,114
WL,60
SK,103
JW,116
SB,117
SK,104
JW,114
SB,117
JW,137
JW,133
BD,210
GL,114
BD,96
GL,120
GL,104
KWN,119
BM,97
BM,24
TP,174
QT,160
MP,126
WL,120
JE,106
BM,156
CT,315
KWN,475
BD,0
TP,0
WL,0
WL,0
AMK,3
BB,110
CCK,94
CL,110
HG,48
JE,84
SB,0
TAP,90
GL,16
WL,72
SB,91
TAP,0
SB,91
AMK,0
BB,132
CCK,65
CL,152
HG,120
JE,120
SB,60
TAP,90
GL,124
WL,60
SB,117
SB,117
AMK,0
BB,31
CCK,65
CL,88
JE,0
TAP,93
GL,16
WL,60
YS,0
YS,112
YS,140
YS,112
YS,0
AMK,196
BB,132
CCK,65
CL,152
JE,8
TAP,99
GL,114
WL,24
YS,110
CCK,0
AMK,176
BB,22
CCK,65
CL,220
JE,0
GL,124
WL,96
YS,20
AMK,196
BB,110
CCK,65
CL,143
JE,13
JW,151
TAP,90
GL,16
WL,103
YS,110
AMK,197
BB,110
CCK,72
CL,197
JE,3
JW,99
TAP,81
GL,96
WL,32
YS,132
JW,0
AMK,6
BB,27
CL,110
JE,0
JW,93
TAP,77
GL,96
WL,88
YS,0
AMK,0
YS,146
YS,142
YS,0
AMK,154
BB,118
CL,110
JE,8
JW,125
TAP,77
GL,114
WL,96
YS,0
YS,140
YS,112
YS,112
YS,154
BB,88
CL,90
JW,77
JE,14
TAP,81
GL,114
WL,96
YS,132
BD,210
BD,150
GL,140
GL,104
KWN,120
BM,116
BM,16
TP,144
WL,96
QT,126
MP,126
JE,108
BM,28
BD,0
TP,0
MP,0
QT,0
QT,0
AMK,174
SK,344
BB,96
SB,0
CCK,14
CL,90
JW,87
JE,0
TAP,81
GL,19
WL,110
YS,132
SK,0
SB,78
YS,14
SB,78
SB,78
AMK,116
SK,0
BB,12
SB,0
CCK,52
CL,213
JW,80
HG,96
JE,12
TAP,108
GL,72
WL,110
YS,50
SK,112
CCK,0
SB,78
TAP,0
SK,144
SB,80
SK,143
SB,78
SK,112
SB,78
AMK,135
BB,12
CCK,88
CL,69
HG,96
JE,12
JW,104
TAP,72
GL,108
WL,77
YS,50
AMK,0
SB,80
SB,80
SB,91
SB,0
AMK,145
SK,0
BB,8
CCK,117
CL,0
HG,8
JE,0
JW,104
TAP,80
WL,77
YS,110
SB,86
SK,240
CL,0
SK,224
SB,86
SB,98
SB,0
AMK,145
BB,90
CCK,106
CL,107
HG,96
JE,0
JW,90
TAP,72
WL,79
YS,110
AMK,0
SB,86
TAP,0
WL,0
SB,86
SB,84
SB,84
BB,8
CCK,91
CL,96
HG,48
JW,90
SB,0
TAP,72
GL,0
WL,88
YS,45
SK,192
SB,44
YS,16
SB,0
SK,0
BB,12
CL,96
HG,24
TAP,76
WL,56
YS,70
SK,112
SB,85
GL,99
SK,153
SB,113
GL,65
SB,115
GL,104
GL,112
SB,113
BB,12
CL,96
HG,82
TAP,72
GL,0
WL,56
YS,88
JW,86
SB,113
GL,87
SB,115
GL,88
SB,113
GL,86
GL,72
SB,0
BB,88
CL,88
HG,60
TAP,96
WL,56
YS,20
JW,56
SB,0
GL,110
WL,0
GL,110
GL,143
GL,117
SB,113
BB,27
CL,88
HG,20
TAP,115
WL,56
YS,60
JW,126
SB,113
TAP,0
SB,113
SB,115
BD,210
BM,94
GL,95
BD,121
GL,140
GL,104
QT,0
BM,116
TP,144
WL,96
QT,162
BM,16
JE,104
BM,0
SB,0
BB,110
HG,52
TAP,75
WL,56
YS,60
JW,92
SB,85
SB,111
SB,115
BB,110
HG,106
SB,0
TAP,96
WL,56
YS,20
JW,114
TAP,0
BB,22
CL,147
HG,60
SB,0
TAP,80
WL,56
YS,110
JW,36
SB,174
SB,150
SB,165
BB,132
CL,150
HG,114
SB,0
TAP,72
WL,90
YS,110
JW,36
SB,179
SB,180
SB,330
BB,110
CL,153
SB,0
TAP,117
HG,0
WL,80
YS,20
JW,0
SB,195
TAP,0
HG,126
SB,117
HG,126
BB,16
CL,154
JW,81
SB,0
TAP,81
HG,0
WL,80
YS,110
SB,150
HG,128
SB,90
HG,128
SB,152
HG,128
HG,96
BB,80
CL,168
JW,84
SB,0
TAP,99
WL,82
YS,88
CL,0
SB,168
TAP,0
SB,140
BB,110
CL,168
JW,81
TAP,144
WL,84
YS,132
TAP,81
BB,132
JW,90
TAP,123
WL,88
BB,144
TAP,96
WL,88
JW,45
BD,210
KWN,70
BD,121
GL,570
BM,199
BM,24
TP,144
WL,96
QT,158
GL,0
BH,0
JE,40
BM,96
QT,0
KWN,0
GL,135
BM,0
QT,0
GL,168
JE,0
GL,117
GL,126
BB,100
HG,85
TAP,93
WL,88
WL,0
BB,26
CL,170
HG,128
JE,195
TAP,63
WL,88
WL,0
BB,45
CL,110
HG,128
JE,210
TAP,54
JE,0
BB,0
CL,110
HG,128
JE,231
TAP,56
HG,0
BB,75
CL,172
HG,68
JE,231
TAP,54
TAP,0
BB,8
CL,152
HG,68
BB,0
CL,152
HG,0
HG,79
HG,138
HG,162
HG,0
BB,286
CL,151
HG,0
BB,0
HG,149
HG,136
CL,19
CL,153
BD,176
BM,97
KWN,70
BD,189
GL,120
KWN,8
BM,105
BM,24
TP,213
QT,0
BH,0
JE,40
BM,28
KWN,96
KWN,170
GL,124
QT,0
GL,151
KWN,170
GL,122
KWN,166
GL,118
KWN,162
CL,15
CL,110
TAP,79
YS,210
YS,84
YS,84
YS,154
TAP,44
YS,0
YS,153
YS,98
YS,140
BB,218
TAP,44
YS,0
BB,0
YS,140
YS,98
YS,182
BB,219
TAP,77
TAP,0
YS,140
YS,210
BB,219
TAP,88
YS,0
BB,192
TAP,44
YS,88
BB,120
TAP,66
YS,50
BB,108
TAP,77
YS,110
BB,0
BB,108
TAP,55
YS,132
BD,168
KWN,0
KWN,70
BD,189
GL,118
GL,0
KWN,7
GL,70
BM,105
BH,0
JE,40
BM,96
KWN,96
KWN,148
KWN,0
QT,168
BB,120
TAP,66
YS,110
TAP,0
BB,194
TAP,79
YS,60
BB,0
BB,144
TAP,79
YS,60
BB,146
TAP,84
YS,110
BB,146
TAP,73
YS,132
BB,194
TAP,77
YS,110
BB,0
TAP,66
YS,28
YS,132
YS,88
YS,132
JW,0
KWN,336
BD,206
KWN,93
PRC,36
BM,120
QT,182
BM,93
QT,219
GL,140
QT,374
KWN,119
BM,55
CT,156
GL,108
SGN,129
TP,110
MP,150
WL,412
BT,185
CT,250
CCK,110
BM,231
CT,199
BT,132
TP,101
WL,0
KWN,0
BM,116
GL,0
QT,0
KWN,0
TP,0
TP,0
KWN,0
BM,123
KWN,123
KWN,90
BD,167
BM,96
KWN,81
BD,128
GL,117
QT,17
BM,105
KWN,6
QT,0
GL,121
QT,116
JE,103
BM,168
QT,168
QT,150
SK,0
SK,119
SK,104
SK,84
SK,84
SB,98
AMK,96
BD,191
CCK,80
BP,84
HG,114
JW,88
PG,0
JE,96
SGN,120
BH,24
TAP,114
WL,64
YS,28
BP,0
SK,86
PG,150
SK,123
SK,80
SK,226
SK,178
SK,104
SB,98
AMK,96
BD,191
BB,64
CCK,85
BP,116
SK,0
HG,96
JW,88
PG,0
JE,110
SGN,84
BH,96
TAP,32
WL,62
YS,110
SK,198
PG,119
SK,132
PG,119
SB,84
AMK,131
BD,120
BB,52
CCK,24
BP,132
SK,0
HG,40
JW,110
JE,112
SGN,80
BH,136
TAP,112
WL,62
YS,110
SB,0
SK,85
SK,85
SK,85
SK,148
SB,115
AMK,131
BD,120
BB,52
CCK,83
BP,118
SK,0
HG,40
JW,80
JE,112
SGN,60
BH,24
TAP,56
WL,62
YS,132
SB,0
BB,0
SK,85
SK,148
SB,112
AMK,150
BD,96
BB,60
CCK,79
BP,16
SK,0
HG,96
JW,80
PG,0
PRC,108
JE,96
SGN,60
BH,96
TAP,113
WL,62
YS,60
SK,84
PG,140
SK,84
PG,140
SK,84
AMK,220
BD,96
BB,76
CCK,118
BP,127
SK,0
HG,96
JW,109
JE,112
PRC,78
SGN,8
SB,117
BH,162
TAP,164
WL,102
YS,60
SK,91
PG,90
SB,0
WL,0
SK,122
PG,90
SK,156
PG,128
AMK,3
BD,96
BB,114
CCK,80
BP,132
SK,0
HG,84
JW,84
PG,0
PRC,78
JE,112
SB,108
SGN,84
BH,144
TAP,123
YS,132
SK,173
PG,0
SK,173
PG,0
AMK,3
BD,132
BB,114
CCK,94
BP,80
SK,0
HG,120
JW,90
PRC,72
JE,110
SB,65
SGN,72
BH,96
TAP,139
WL,99
YS,132
SK,131
PG,166
SK,140
PG,140
SK,130
PG,140
AMK,0
BD,158
BB,114
CCK,80
HG,96
JW,84
PG,0
PRC,80
JE,110
BP,88
SGN,96
SB,93
BH,0
TAP,88
WL,87
YS,110
SK,131
PG,89
SK,130
PG,93
PG,93
PG,93
BD,120
KWN,56
BD,156
GL,44
QT,24
GL,0
KWN,8
BM,24
QT,0
GL,238
QT,6
QT,118
JE,110
BM,182
KWN,0
QT,186
AMK,0
BD,158
BB,114
CL,130
CCK,94
GL,11
SK,0
HG,40
JW,80
PG,0
PRC,12
JE,165
BP,60
SB,92
SGN,72
BH,408
TAP,130
WL,64
YS,88
SK,144
PG,185
BH,0
SGN,0
SK,146
SK,136
AMK,88
BD,132
BB,132
CL,130
CCK,115
GL,116
SK,0
HG,96
JW,110
PG,0
JE,165
PRC,90
BP,24
SGN,108
SB,92
TAP,103
WL,62
YS,92
SK,136
PG,112
SK,136
PG,112
AMK,88
BD,146
BB,224
CL,130
CCK,129
GL,63
SK,0
HG,40
JW,132
PRC,96
JE,163
BP,110
SGN,80
SB,93
TAP,107
WL,62
YS,56
BB,0
SK,122
SK,122
AMK,88
BD,96
BB,24
CL,96
CCK,116
GL,84
SK,0
HG,96
JW,132
PG,0
JE,96
PRC,28
BP,80
SGN,80
SB,91
TAP,24
WL,72
YS,74
CL,0
SK,122
PG,112
WL,0
SK,122
PG,135
PG,109
AMK,132
BD,96
BB,110
CL,96
CCK,91
GL,27
SK,0
HG,96
JW,109
JE,110
PRC,72
BP,20
SGN,60
SB,91
TAP,108
WL,64
YS,0
SK,147
SK,147
AMK,176
BD,96
BB,16
CL,96
CCK,32
GL,116
SK,0
HG,108
JW,88
JE,30
PRC,72
BP,80
SGN,60
SB,65
TAP,23
WL,64
YS,74
SK,147
PG,148
SB,0
SK,142
PG,93
SK,143
PG,70
PG,124
AMK,188
BD,156
BB,110
SB,65
CCK,80
CL,222
GL,27
SK,0
HG,96
JW,88
JE,30
PRC,96
BP,110
SGN,60
TAP,88
WL,64
YS,66
CL,0
SK,147
SK,140
SK,141
AMK,208
BD,96
BB,132
SB,91
CCK,90
CL,136
GL,116
BP,48
SK,0
HG,108
JW,112
PG,0
PRC,120
SGN,54
TAP,150
WL,64
YS,0
SK,209
AMK,201
BD,158
SB,91
CCK,88
CL,204
BP,120
SK,0
HG,96
JW,24
PG,0
PRC,78
SGN,54
TAP,132
WL,125
YS,0
SK,208
SK,190
SK,120
AMK,169
BD,306
BB,90
SB,93
CCK,65
CL,221
BP,126
HG,96
JW,110
PRC,80
SGN,96
TAP,162
WL,62
YS,72
PG,105
YS,0
PG,118
PG,118
PG,109
BD,120
BM,126
KWN,56
GL,96
BD,212
GL,82
QT,16
KWN,8
BM,24
GL,66
QT,10
BM,152
BM,0
QT,246
GL,24
AMK,264
BD,263
BB,114
SB,92
CCK,75
CL,300
BP,66
HG,120
JW,110
PG,0
PRC,12
SGN,96
TAP,110
WL,62
CL,0
PG,120
PG,93
PG,93
PG,147
AMK,134
BD,156
BB,114
SB,92
CCK,88
CL,300
BP,86
HG,84
JW,108
PG,0
PRC,90
SGN,96
TAP,110
WL,72
CCK,0
PG,212
WL,0
PG,236
PG,211
AMK,197
BD,156
BB,114
SB,93
CCK,78
CL,289
BP,60
HG,99
JW,90
PG,0
PRC,72
SGN,96
TAP,32
BP,0
PG,181
PG,181
AMK,100
BD,150
BB,114
SB,65
CCK,115
CL,204
BP,64
HG,90
JW,88
PRC,80
SGN,60
TAP,114
YS,110
CL,0
PG,240
SB,0
PG,191
PG,0
AMK,175
BD,149
BB,14
SB,91
CCK,20
CL,136
BP,16
HG,114
JW,16
PRC,16
SGN,60
TAP,110
WL,99
YS,0
AMK,0
SB,0
YS,132
YS,132
YS,132
YS,108
AMK,153
BD,153
BB,18
SB,108
CCK,115
CL,222
BP,64
HG,78
JW,125
PG,0
PRC,100
SGN,108
TAP,88
WL,84
YS,110
PG,173
PG,197
AMK,132
BD,153
BB,90
CCK,96
CL,151
BP,12
HG,63
JW,118
PRC,132
SGN,96
TAP,72
WL,84
YS,0
WL,0
YS,120
YS,72
YS,96
YS,120
AMK,132
BD,154
BP,64
CCK,88
CL,154
HG,26
JW,98
PRC,110
SGN,96
TAP,72
WL,66
YS,132
AMK,132
BD,154
BP,16
CCK,16
CL,153
HG,44
JW,19
PRC,100
TAP,80
WL,114
YS,0
YS,96
YS,96
AMK,110
BD,0
BP,64
CCK,84
CL,151
HG,28
JW,26
PRC,84
TAP,80
WL,136
YS,0
BD,303
CCK,0
YS,132
BD,91
YS,96
YS,0
BD,120
KWN,229
KWN,54
BD,176
GL,118
QT,44
BM,28
TP,72
MP,96
BM,15
GL,77
QT,4
JE,110
BM,154
GL,0
QT,274
GL,28
AMK,96
BD,0
BP,70
CCK,80
CL,152
SK,0
HG,44
JW,131
TAP,72
YS,0
BD,139
CCK,0
SK,135
YS,126
SK,129
YS,90
SK,123
SK,135
AMK,96
BD,0
BP,132
CCK,94
CL,64
SK,0
HG,14
JW,120
TAP,72
YS,0
BD,127
BB,204
CL,0
YS,72
BB,133
YS,84
YS,108
YS,84
AMK,110
BP,80
BB,0
CCK,73
CL,131
HG,63
JW,94
SK,0
TAP,88
BB,126
SK,119
YS,96
BB,176
SK,123
YS,84
YS,96
YS,72
AMK,130
BP,12
BB,0
CCK,80
CL,128
HG,96
JW,120
SK,0
TAP,91
YS,110
BB,193
SK,123
BB,182
SK,130
BB,126
AMK,107
BP,100
CCK,86
CL,142
SK,0
HG,108
JW,32
TAP,110
SK,105
SK,136
AMK,131
BP,132
BB,0
CCK,90
CL,144
SK,0
HG,120
JW,32
TAP,32
YS,110
BB,336
SK,117
HG,0
BB,182
SK,135
BB,138
SK,130
AMK,110
BB,0
CCK,66
BP,110
SK,0
HG,84
JW,98
TAP,110
WL,136
YS,176
BB,169
SK,134
SK,120
SK,144
SK,110
AMK,96
CCK,70
BP,95
SK,0
HG,84
JW,104
TAP,110
WL,114
YS,132
BB,130
AMK,110
BB,0
CCK,80
BP,88
HG,32
JW,39
SK,0
TAP,110
YS,176
BB,182
SK,80
BB,182
SK,96
BB,169
AMK,96
BB,0
CCK,104
CL,0
BP,88
HG,96
JW,16
SK,0
TAP,24
YS,132
BB,182
SK,108
BB,130
SK,120
BB,130
SK,96
BD,120
KWN,228
BM,126
BD,205
GL,115
QT,0
KWN,4
BM,16
TP,80
MP,96
BM,16
KWN,88
GL,240
QT,4
QT,116
JE,110
BM,237
KWN,0
BM,0
MP,0
AMK,153
BB,0
CCK,92
CL,0
BP,76
SK,0
HG,86
JW,117
PRC,61
TAP,88
YS,132
BB,165
CL,208
CCK,0
SK,124
BB,112
CL,144
SK,134
BB,103
CL,150
SK,124
BB,103
SK,0
AMK,152
BB,0
CL,0
CCK,80
BP,110
SK,0
HG,12
JW,88
PRC,0
BH,100
TAP,40
YS,0
BB,165
CL,132
SK,120
PRC,0
BB,104
CL,256
SK,134
BB,112
SK,134
SK,120
AMK,215
BB,0
CCK,115
CL,42
BP,88
SK,0
HG,8
JW,29
PRC,30
BH,80
TAP,80
YS,84
BB,130
BP,0
BB,78
BP,104
BB,78
BP,124
BP,96
AMK,196
BB,0
CCK,115
CL,3
BP,0
SK,0
HG,51
JW,94
PRC,0
BH,80
TAP,88
YS,120
BB,117
SK,80
BP,136
BB,103
SK,137
BP,126
BB,104
SK,141
BP,140
BB,104
BP,136
AMK,215
CCK,120
HG,80
JW,118
PRC,0
BH,92
TAP,110
AMK,219
BB,0
CCK,58
CL,0
BP,0
SK,0
HG,96
JW,32
PRC,0
BH,90
TAP,95
YS,96
BB,168
CCK,0
CL,192
SK,162
BB,160
CL,193
SK,158
BB,0
AMK,23
BH,64
BB,0
CCK,84
CL,16
BP,0
HG,72
SK,0
JW,32
PRC,99
TAP,110
YS,84
BB,167
BP,0
SK,294
SK,96
SK,96
AMK,20
BH,84
BB,0
BP,104
CCK,108
CL,0
HG,48
JW,120
PRC,8
TAP,32
YS,0
BB,432
SK,113
SK,113
AMK,19
BH,100
BP,116
BB,0
CCK,77
CL,0
HG,72
JW,120
PRC,40
SK,0
TAP,110
YS,132
BH,0
BB,171
SK,143
BB,162
SK,138
BB,187
BB,0
AMK,27
BP,122
CCK,60
CL,60
HG,60
JW,120
PRC,8
SK,0
BH,80
TAP,114
YS,96
BP,0
BB,170
BB,180
BB,0
KWN,124
BD,219
GL,119
QT,6
KWN,4
GL,110
BM,24
BM,16
TP,117
MP,150
KWN,0
GL,182
QT,112
JE,22
BM,320
GL,0
AMK,15
BP,116
BB,0
CCK,84
CL,42
HG,48
JW,144
PRC,74
SK,0
BH,92
TAP,110
YS,84
BB,225
CCK,0
SK,143
TAP,100
BB,183
SK,133
TAP,0
BB,183
SK,142
TAP,104
BB,225
TAP,84
TAP,60
TAP,60
TAP,80
AMK,16
BB,0
CCK,87
CL,0
BP,78
HG,72
JW,30
PRC,74
SK,0
BH,54
TAP,114
YS,132
BB,273
SK,120
BB,189
SK,135
BB,0
AMK,31
BB,0
CCK,60
BP,78
HG,72
JW,118
PRC,66
SK,0
BH,30
TAP,32
YS,132
BB,189
SK,132
SK,117
AMK,8
BB,0
CCK,120
CL,0
BP,78
HG,72
JW,88
PRC,77
BH,60
TAP,88
YS,120
AMK,0
BB,163
SK,137
BP,0
BB,163
SK,120
SK,126
SK,138
AMK,0
CCK,120
CL,96
BP,264
SK,0
HG,28
JW,88
PRC,40
BH,100
TAP,50
YS,96
AMK,0
CCK,60
CL,80
HG,60
JW,88
PRC,8
BP,112
SK,0
BH,87
TAP,88
YS,144
AMK,194
CL,0
BP,0
SK,132
AMK,194
SK,144
AMK,188
AMK,197
CCK,55
CL,80
HG,84
JW,130
PRC,66
BP,90
SK,0
TAP,114
YS,96
CCK,0
SK,132
YS,0
SK,144
AMK,230
CCK,123
CL,94
HG,72
JW,110
PRC,66
BP,90
SK,0
TAP,16
YS,72
BP,0
SK,90
SK,169
AMK,96
CCK,123
CL,74
HG,80
JW,110
PRC,108
BP,120
SK,0
TAP,114
YS,144
PRC,0
SK,90
YS,0
PRC,0
SK,90
SK,169
AMK,96
CCK,55
CL,95
JW,110
PRC,66
BP,120
TAP,136
YS,192
CL,0
CCK,0
SK,169
SK,169
KWN,64
GL,116
QT,19
BM,105
KWN,8
BM,88
TP,90
MP,109
KWN,88
BM,16
GL,0
QT,6
JE,24
BM,19
AMK,96
BB,0
CCK,60
CL,96
HG,68
JW,110
TP,0
PRC,66
BP,90
SK,0
TAP,50
BB,143
SK,104
BB,144
SK,104
BB,169
SK,117
BB,180
AMK,131
BB,0
CCK,120
CL,187
KWN,92
HG,68
JW,88
PRC,101
BP,90
TAP,88
YS,0
BB,119
SK,104
YS,234
BB,112
SK,104
YS,195
BB,112
SK,117
BB,105
AMK,129
BB,0
CCK,60
CL,183
KWN,187
HG,75
JW,110
SK,0
SB,456
TAP,91
YS,0
CL,0
KWN,0
CCK,0
SB,0
SK,182
YS,130
CL,0
SK,169
YS,195
YS,195
YS,130
AMK,256
BB,0
CCK,78
CL,0
KWN,130
HG,78
JW,128
PRC,36
SB,0
TAP,110
BB,160
SB,168
SK,286
BB,160
SK,286
SB,132
SB,132
AMK,24
BB,0
CCK,112
KWN,0
JW,110
PRC,52
TAP,32
HG,97
YS,0
BB,150
CL,350
BB,192
CL,330
AMK,206
CCK,116
KWN,0
JW,110
KWN,0
PRC,36
BP,116
SB,0
TAP,110
HG,93
YS,0
BB,272
CL,312
HG,0
YS,144
YS,189
AMK,204
BB,0
CL,0
KWN,104
HG,78
JW,110
PRC,62
BP,115
SB,0
TAP,80
CL,112
BP,0
SB,111
YS,144
SB,111
YS,144
SB,111
SB,114
SB,180
AMK,130
BB,0
SK,0
HG,78
JW,88
KWN,151
PRC,77
BP,101
TAP,110
SB,174
BB,212
SK,200
PRC,0
YS,120
SB,174
BB,170
SK,200
YS,120
BB,221
YS,108
SB,0
AMK,56
BB,0
SK,0
HG,78
JW,90
KWN,153
PRC,65
BP,99
TAP,24
YS,0
SB,102
BB,204
SK,100
BP,0
YS,187
SB,102
BB,221
SK,150
SB,102
SK,100
SB,102
SB,180
AMK,220
CCK,120
JW,84
PRC,79
BP,99
SK,0
TAP,110
YS,0
SB,174
SK,100
YS,141
SB,174
SK,150
YS,141
SK,150
KWN,127
GL,116
QT,16
KWN,8
GL,110
BM,88
TP,80
MP,161
BM,16
KWN,194
GL,0
QT,6
QT,0
JE,110
BM,106
MP,0
KWN,0
AMK,168
CCK,123
SK,0
JW,84
TP,0
PRC,67
SB,114
BP,101
TAP,88
HG,0
YS,0
SK,172
HG,172
YS,77
SK,186
HG,172
YS,50
SK,172
HG,136
SK,0
AMK,219
CCK,123
JW,84
PRC,12
SB,84
BP,115
TAP,40
HG,0
SK,172
BP,0
HG,156
YS,77
SK,172
HG,156
YS,144
SK,164
AMK,144
CCK,130
SK,0
JW,84
PRC,88
BP,116
SB,84
TAP,14
SK,157
YS,77
SK,156
YS,110
SK,157
SK,0
AMK,167
CCK,168
SK,0
JW,47
PRC,110
SB,102
BP,91
TAP,0
HG,0
SK,220
PRC,0
HG,170
YS,57
HG,136
YS,164
HG,136
HG,136
AMK,163
CCK,112
JW,110
PRC,92
BP,91
SB,101
TAP,14
HG,0
CCK,0
AMK,166
CCK,0
JW,110
PRC,100
SB,97
BP,60
TAP,0
HG,0
SB,0
HG,204
YS,84
HG,136
YS,120
HG,136
HG,204
AMK,166
CCK,0
JW,110
PRC,81
SB,97
BP,86
TAP,28
HG,0
YS,0
CCK,109
PRC,220
BP,0
SB,0
HG,144
YS,132
CCK,115
HG,143
YS,96
CCK,116
HG,130
YS,84
CCK,112
HG,0
CCK,0
JW,110
PRC,110
BP,86
SB,98
TAP,28
HG,0
HG,98
YS,144
HG,140
YS,162
HG,126
YS,204
JW,110
PRC,88
BP,70
SB,110
TAP,0
YS,0
BP,0
YS,167
YS,167
YS,167
JW,8
PRC,90
BP,70
SB,98
TAP,11
YS,0
YS,167
YS,78
YS,78
KWN,60
GL,118
KWN,96
KWN,6
BM,121
TP,87
BM,382
BM,15
GL,0
QT,112
QT,234
QT,0
JE,110
BM,96
KWN,96
BM,0
QT,0
BM,0
JW,196
TP,0
PRC,66
SB,98
BP,86
TAP,15
BP,0
SB,0
JW,197
PRC,88
BP,86
SB,115
TAP,8
SB,0
SB,150
JW,8
PRC,110
BP,60
TAP,8
SB,0
BP,0
SB,0
SB,150
CCK,120
JW,110
PRC,88
BP,91
TAP,11
CCK,0
SB,210
CCK,120
JW,143
PRC,90
BP,91
TAP,15
SB,0
CCK,120
SB,0
CCK,123
CCK,122
CCK,122
SB,154
CCK,122
JW,110
PRC,16
BP,166
CCK,121
TAP,44
CCK,60
TAP,110
CCK,60
CCK,120
SB,141
CCK,120
JW,110
PRC,114
BP,126
CCK,0
TAP,88
CCK,0
TAP,99
TAP,77
SB,114
CCK,0
JW,110
PRC,112
BP,98
CCK,112
BP,0
TAP,70
CCK,112
TAP,90
CCK,112
TAP,80
SB,119
CCK,0
JW,88
BP,138
CCK,104
BP,0
TAP,88
CCK,117
TAP,80
CCK,96
CCK,96
SB,119
CCK,0
JW,110
CCK,104
TAP,88
CCK,104
TAP,99
CCK,91
TAP,110
CCK,104
GL,118
KWN,142
BM,88
KWN,6
GL,108
BM,24
TP,87
GL,0
QT,96
QT,176
QT,0
JE,15
BM,96
KWN,120
GL,0
KWN,0
SB,119
CCK,0
JW,110
TP,0
CCK,96
TAP,77
CCK,96
TAP,66
CCK,88
CCK,96
SB,180
JW,131
TAP,48
TAP,62
TAP,84
TAP,84
TAP,60
TAP,72
TAP,72
TAP,72
SB,116
JW,101
TAP,0
SB,0
TAP,0
TAP,72
TAP,72
TAP,60
TAP,253
TAP,198
TAP,121
TAP,0
TAP,0
SB,141
JW,0
JW,0
TAP,48
TAP,62
TAP,60
TAP,96
TAP,96
JW,27
TAP,0
JW,0
TAP,0
TAP,72
TAP,84
TAP,151
TAP,138
TAP,0
TAP,110
TAP,110
TAP,110
JW,41
TAP,48
TAP,36
TAP,48
TAP,48
TAP,60
TAP,60
JW,0
TAP,0
TAP,84
TAP,96
TAP,96
TAP,96
TAP,48
TAP,84
JW,0
TAP,57
TAP,98
TAP,98
TAP,57
TAP,0
TAP,57
TAP,98
TAP,98
TAP,57
TAP,0
TAP,0
JW,73
TAP,70
TAP,72
TAP,0
TAP,72
TAP,74
TAP,74
TAP,74
TAP,74
TAP,72
TAP,0
TAP,72
TAP,70
TAP,0
JW,232
TAP,0
TAP,119
TAP,108
TAP,228
TAP,0
CT,430
KWN,336
BD,104
KWN,108
PRC,75
BM,168
QT,155
GL,0
BM,94
BT,76
QT,218
GL,120
QT,102
KWN,110
CT,143
TP,258
SGN,127
MP,147
WL,102
GL,95
KWN,110
CCK,120
BM,143
CT,166
BT,132
TP,99
KWN,0
QT,0
QT,0
KWN,0
WL,161
BM,0
KWN,240
QT,0
QT,278
BD,263
GL,116
KWN,173
BM,96
BM,132
KWN,6
TP,114
MP,0
BM,21
SK,0
GL,96
QT,8
QT,176
JE,72
BM,168
QT,0
MP,0
GL,0
TP,0
PRC,65
SGN,76
PRC,0
AMK,110
BD,233
BH,52
BB,101
CCK,78
HG,145
BP,180
JW,34
PRC,52
SGN,76
TAP,40
CL,6
SB,0
WL,58
YS,0
SB,120
YS,72
SB,110
YS,69
SB,113
SB,77
AMK,157
BD,234
BH,20
CCK,54
HG,94
BP,186
JW,24
PRC,65
SGN,76
TAP,16
SB,0
CL,0
WL,40
YS,0
CCK,0
SB,77
WL,63
CL,0
YS,132
YS,96
YS,96
YS,81
AMK,196
BD,231
BH,40
BB,101
SB,0
CCK,91
HG,94
BP,132
JW,23
PRC,62
SGN,8
TAP,117
CL,0
WL,67
BD,0
SB,84
CL,0
SB,120
SB,120
AMK,155
BD,232
BH,0
BB,109
CCK,98
HG,94
BP,114
JW,35
SB,0
PRC,82
SGN,76
TAP,0
CL,0
WL,89
YS,0
SB,84
SGN,0
YS,87
SB,123
YS,107
SB,120
YS,107
SB,120
YS,107
AMK,141
BD,96
BH,0
BB,109
SB,0
CCK,85
HG,16
BP,181
JW,0
PRC,65
SGN,76
TAP,99
CL,3
WL,58
BH,0
BP,0
JW,0
WL,0
YS,93
BH,0
YS,107
BH,0
YS,107
BH,0
YS,119
AMK,151
BD,96
BH,56
BB,110
CCK,70
HG,114
BP,108
JW,16
PRC,51
SGN,70
TAP,0
CL,151
SB,0
WL,79
YS,0
SGN,70
SB,77
YS,96
SGN,70
YS,96
YS,106
AMK,151
BD,156
BH,0
BB,110
CCK,64
HG,110
BP,105
JW,16
PRC,47
SGN,80
TAP,0
CL,108
SB,0
WL,67
YS,0
SB,120
YS,84
SB,110
YS,0
SB,113
SB,77
AMK,160
BD,156
BH,0
BB,24
CCK,54
HG,84
BP,138
JW,17
PRC,47
SGN,110
TAP,48
CL,153
SB,0
WL,60
SB,98
YS,132
SB,100
YS,144
SB,98
AMK,150
BD,62
BH,0
BB,24
CCK,54
HG,48
BP,84
JW,0
PRC,51
SGN,87
TAP,16
CL,153
SB,0
WL,138
BD,0
WL,0
SB,100
YS,108
BD,130
SB,98
YS,96
BD,0
YS,96
QT,111
BD,130
CT,328
GL,100
BM,0
KWN,6
KWN,100
BM,132
TP,238
MP,270
BD,240
GL,0
GL,96
QT,176
JE,72
BM,168
BM,0
AMK,160
BD,75
BH,0
BB,117
CCK,52
HG,24
BP,150
JW,151
PRC,61
SGN,94
TAP,0
CL,155
WL,138
BP,0
SB,100
YS,288
SB,96
YS,288
AMK,110
BD,0
BH,0
BB,117
SB,0
CCK,78
HG,144
BP,90
JW,212
PRC,79
SGN,80
CL,132
WL,162
YS,0
BD,0
CCK,0
PRC,0
YS,144
YS,120
YS,84
AMK,150
BD,140
BH,0
BB,90
CCK,52
HG,161
BP,94
PRC,51
SGN,80
CL,132
SB,130
WL,162
YS,0
SGN,0
TAP,0
YS,110
YS,110
YS,120
AMK,157
BD,140
BH,0
BB,24
CCK,52
HG,114
BP,66
JW,128
PRC,69
TAP,0
SB,156
CL,206
WL,162
YS,0
BD,0
CCK,0
BP,0
YS,108
YS,84
YS,108
YS,132
BD,144
BH,0
BB,88
CCK,112
HG,16
BP,58
JW,171
PRC,82
SGN,80
CL,132
WL,162
YS,0
BH,0
BH,0
BH,0
BD,39
CCK,52
HG,114
BP,85
JW,176
PRC,64
SGN,20
TAP,0
CL,153
WL,138
TAP,62
WL,0
TAP,92
TAP,92
TAP,62
BD,96
CCK,97
HG,114
BP,113
JW,259
PRC,103
SGN,60
TAP,0
CL,3
WL,138
WL,0
BD,132
CCK,88
HG,24
BP,101
JW,23
PRC,99
SGN,110
TAP,0
CL,0
WL,108
BP,0
JW,90
WL,0
JW,0
JW,90
JW,90
JW,90
JW,0
BD,132
CCK,84
BP,119
JW,203
PRC,74
SGN,110
TAP,0
CL,172
WL,106
BP,0
JW,0
TAP,62
TAP,92
TAP,92
TAP,62
BD,195
BP,101
JW,16
PRC,77
SGN,72
TAP,0
CL,174
WL,106
TAP,126
WL,0
TAP,120
TAP,125
TAP,60
QT,106
GL,584
BD,104
CT,272
GL,120
BM,184
KWN,6
KWN,127
BM,132
TP,333
MP,270
BD,120
GL,164
QT,6
QT,234
JE,124
BM,76
QT,0
BM,0
TP,0
GL,0
BM,0
AMK,96
BD,196
HG,64
BP,111
JW,174
TP,0
PRC,64
SGN,72
TAP,0
CL,154
WL,184
TAP,92
TAP,62
TAP,123
AMK,96
BD,153
HG,136
BP,101
JW,132
PRC,77
SGN,77
WL,184
BP,0
PRC,0
WL,0
AMK,88
BD,153
HG,120
BP,100
JW,96
SGN,80
TAP,0
WL,123
TAP,112
TAP,96
TAP,96
AMK,192
BD,168
BB,132
CCK,52
HG,110
BP,101
JW,96
SGN,88
WL,123
TAP,96
WL,0
TAP,112
TAP,96
TAP,96
AMK,195
BD,168
BB,72
CCK,44
HG,110
BP,74
JW,127
SGN,88
TAP,0
WL,123
BP,0
PRC,69
TAP,128
WL,0
PRC,68
TAP,128
PRC,66
AMK,0
BD,332
BB,32
CCK,44
HG,64
BP,101
JW,132
SGN,60
WL,123
BP,0
PRC,69
WL,0
PRC,66
PRC,92
AMK,0
BD,263
BB,72
CCK,48
HG,148
BP,64
JW,3
PRC,0
SGN,84
WL,108
PRC,72
PRC,57
PRC,53
PRC,92
AMK,0
BD,30
BB,32
CCK,52
HG,148
BP,101
JW,176
PRC,0
SGN,60
WL,68
CCK,0
PRC,64
WL,0
PRC,116
PRC,112
PRC,112
AMK,0
BD,192
BB,130
CCK,52
HG,110
BP,86
JW,176
PRC,0
SGN,41
WL,68
PRC,141
PRC,69
PRC,68
AMK,2
BD,325
CCK,50
HG,110
BP,79
JW,96
PRC,0
SGN,72
WL,68
BP,0
QT,279
BD,104
CT,96
KWN,96
BM,156
KWN,8
KWN,36
BM,110
TP,228
MP,270
BD,120
GL,124
GL,154
QT,6
QT,247
JE,120
BM,76
QT,0
QT,0
QT,0
AMK,3
BD,260
BB,40
CCK,44
HG,16
BP,120
JW,132
TP,0
PRC,0
SGN,77
WL,68
JW,190
PRC,127
PRC,79
PRC,136
PRC,105
AMK,2
BD,31
BB,80
CCK,52
HG,94
BP,79
JW,131
PRC,63
SGN,72
CT,0
WL,66
CT,0
AMK,3
BD,190
BB,90
CCK,0
HG,94
BP,108
JW,96
PRC,48
SGN,80
CT,118
WL,66
AMK,151
BD,256
BB,100
BP,121
CCK,0
HG,120
JW,96
PRC,48
SGN,88
CT,127
WL,68
BP,0
CCK,0
CT,0
AMK,218
BD,352
BB,125
CCK,0
HG,90
BP,103
JW,129
PRC,73
SGN,88
WL,68
AMK,150
BD,167
BB,80
BP,121
CCK,130
HG,102
JW,132
PRC,48
SGN,80
CT,116
WL,68
SGN,72
AMK,151
BD,191
BB,132
CCK,169
HG,66
BP,123
JW,166
PRC,48
SGN,81
CT,122
WL,68
WL,0
AMK,110
BD,82
BP,121
BB,110
CCK,169
HG,69
JW,90
PRC,64
SGN,88
WL,100
BP,0
AMK,215
BD,0
HG,66
BP,123
JW,90
PRC,48
SGN,80
CT,126
WL,100
BD,0
BD,0
BD,0
AMK,96
BD,85
BB,110
BP,119
HG,60
JW,88
PRC,4
SGN,88
WL,122
BD,0
QT,0
GL,168
BD,254
CT,0
KWN,96
BM,175
KWN,10
KWN,96
BM,32
TP,176
MP,150
BD,96
GL,222
JE,31
BM,142
BM,0
AMK,192
BD,137
BB,110
CCK,60
HG,110
BP,103
JW,133
PRC,48
SGN,110
WL,112
AMK,191
BD,160
BB,24
BP,119
CCK,102
HG,110
JW,80
PRC,48
SGN,110
WL,134
BP,0
CCK,0
AMK,131
BD,198
BB,90
CCK,80
HG,99
BP,94
JW,48
PRC,4
SGN,110
WL,134
SGN,0
SGN,0
AMK,110
BD,132
CCK,80
HG,32
BP,94
JW,132
PRC,48
SGN,70
WL,134
AMK,110
BD,286
CCK,80
HG,78
BP,94
JW,15
PRC,48
SGN,63
WL,110
BP,0
AMK,96
BD,218
BP,140
CCK,72
HG,8
JW,114
PRC,4
SGN,135
WL,112
AMK,110
BD,143
CCK,60
HG,70
JW,95
PRC,48
SGN,108
BP,0
WL,102
SGN,0
BP,96
WL,0
BP,96
WL,0
BP,96
AMK,110
BD,240
CCK,72
HG,80
JW,80
PRC,78
BP,0
SGN,120
WL,122
BD,108
BP,92
BD,107
BP,86
BD,0
BP,112
BP,112
AMK,8
BD,154
CCK,60
HG,108
JW,84
PRC,48
SGN,135
BP,0
WL,0
HG,0
BP,102
BP,119
AMK,118
BD,152
CCK,84
HG,72
JW,80
PRC,30
SGN,90
WL,121
BP,113
WL,0
BP,113
BD,322
KWN,96
BM,175
KWN,8
BM,420
TP,176
MP,150
BD,96
GL,112
QT,6
QT,181
JE,185
BM,152
BM,34
QT,0
AMK,145
BD,238
CCK,84
HG,76
JW,124
PRC,48
SGN,93
BP,0
WL,124
SGN,0
BP,119
BP,116
AMK,96
BD,20
CCK,72
HG,92
JW,90
PRC,87
SGN,108
WL,121
AMK,96
BD,88
CCK,60
HG,88
JW,96
PRC,72
SGN,90
WL,110
CCK,0
WL,0
AMK,96
BD,88
CCK,44
HG,88
JW,88
PRC,72
SGN,56
WL,110
AMK,20
BD,258
CCK,55
HG,87
JW,110
PRC,84
SGN,56
WL,138
WL,0
AMK,3
CCK,68
HG,90
JW,80
PRC,72
WL,91
HG,0
PRC,0
PRC,0
AMK,189
BD,266
CCK,44
HG,100
JW,80
PRC,72
WL,124
BD,0
AMK,187
BD,280
CCK,55
HG,96
JW,109
PRC,72
WL,110
AMK,190
CCK,44
HG,50
JW,84
PRC,84
AMK,188
CCK,44
HG,56
JW,90
PRC,79
CCK,0
HG,0
GL,168
BD,110
BM,39
KWN,96
BM,156
KWN,8
BM,176
TP,140
MP,0
BD,6
GL,68
QT,8
QT,154
JE,148
BM,140
GL,0
QT,0
AMK,190
CCK,44
HG,56
JW,0
PRC,74
JW,150
AMK,190
CCK,63
HG,10
JW,0
PRC,96
JW,164
PRC,0
JW,164
AMK,96
CCK,91
HG,60
JW,0
PRC,72
AMK,96
CCK,55
HG,56
AMK,214
CCK,44
HG,56
PRC,72
PRC,0
AMK,211
CCK,81
HG,83
PRC,72
CCK,70
HG,83
PRC,84
HG,0
CCK,66
HG,99
PRC,72
CCK,0
HG,0
CCK,66
BM,0
HG,99
PRC,96
CCK,69
HG,106
PRC,108
WL,270
WL,230
BD,24
GL,116
QT,0
BM,27
KWN,386
BM,184
KWN,7
BM,176
TP,120
MP,111
BD,238
QT,8
JE,185
BM,140
KWN,0
BD,0
JE,0
BM,0
BD,0
JE,0
AMK,219
CCK,108
HG,105
PRC,76
WL,0
HG,0
WL,88
WL,90
WL,90
AMK,218
CCK,108
HG,105
PRC,88
WL,0
WL,61
WL,86
WL,128
AMK,120
CCK,108
HG,99
PRC,64
WL,0
CCK,0
WL,128
WL,144
AMK,120
CCK,100
HG,106
PRC,64
WL,0
CCK,0
WL,156
WL,132
WL,192
WL,0
AMK,0
CCK,168
HG,106
PRC,64
WL,0
HG,0
WL,216
WL,192
WL,0
AMK,153
HG,107
PRC,99
WL,136
PRC,0
WL,0
AMK,153
HG,107
PRC,46
WL,135
HG,0
AMK,154
HG,66
PRC,59
WL,88
AMK,153
HG,66
PRC,44
WL,88
PRC,0
WL,0
HG,66
PRC,48
WL,88
WL,0
QT,117
BD,137
GL,116
GL,174
KWN,97
BM,188
KWN,7
BM,176
TP,138
MP,110
BD,0
BM,11
QT,8
QT,123
BM,120
HG,112
PRC,48
WL,88
HG,144
PRC,48
WL,88
HG,148
PRC,50
WL,88
HG,0
PRC,48
WL,88
AMK,152
PRC,41
WL,90
PRC,0
AMK,150
PRC,45
WL,134
AMK,154
PRC,48
WL,132
PRC,0
WL,0
AMK,154
WL,134
AMK,0
SB,0
WL,90
AMK,145
SB,105
WL,0
AMK,145
SB,96
WL,0
AMK,145
SB,109
AMK,143
AMK,0
WL,132
SB,105
SB,104
SB,109
SB,109
QT,115
BD,233
GL,118
BM,42
KWN,0
KWN,7
BM,176
TP,120
MP,150
BD,6
QT,137
BM,120
KWN,97
KWN,97
KWN,95
AMK,0
SB,0
AMK,240
SB,114
AMK,224
SB,95
SB,103
AMK,0
SB,0
AMK,248
SB,111
SB,0
SB,85
SB,96
SB,112
SB,0
SB,135
SB,150
AMK,0
AMK,135
AMK,135
AMK,135
AMK,162
KWN,198
BD,104
KWN,102
PRC,0
GL,0
BM,95
BT,90
QT,218
QT,369
HG,42
KWN,116
CT,156
BM,70
BM,0
BM,70
TP,117
SGN,88
MP,152
WL,207
KWN,109
CCK,132
BM,136
CT,0
BT,78
WL,0
KWN,0
BM,123
BM,0
BT,0
BM,123
BM,0
BD,24
GL,119
GL,162
KWN,110
KWN,8
TP,145
MP,130
BD,96
BM,0
QT,137
JE,145
BM,196
KWN,0
TP,0
QT,0
QT,0
AMK,152
BD,132
CCK,40
CL,130
PRC,56
HG,100
JW,84
PG,0
BP,73
TAP,0
WL,112
PRC,0
JW,0
PG,89
TAP,112
PRC,0
PG,90
TAP,96
PG,90
TAP,112
PG,90
TAP,96
AMK,150
BD,120
CCK,76
CL,216
PRC,56
HG,96
JW,79
PG,0
BP,78
WL,128
YS,100
CCK,0
PG,90
TAP,0
PG,90
TAP,0
PG,89
AMK,140
BD,80
CCK,68
CL,27
PRC,54
HG,108
JW,79
PG,0
BP,152
TAP,0
WL,128
YS,110
PRC,0
PG,90
BP,0
TAP,447
PG,90
PG,78
AMK,151
BD,100
CCK,44
CL,84
PRC,56
HG,16
JW,81
PG,0
BP,156
TAP,0
WL,88
YS,68
CCK,0
PG,90
TAP,104
PG,90
TAP,112
PG,78
AMK,130
BD,120
CCK,52
CL,84
PRC,48
HG,110
JW,79
BP,164
TAP,0
WL,88
YS,70
TAP,112
WL,0
TAP,104
TAP,116
TAP,96
AMK,131
BD,115
CCK,76
CL,84
PRC,56
HG,96
JW,79
BP,164
TAP,0
WL,91
YS,72
TAP,104
TAP,116
TAP,104
TAP,112
AMK,188
BD,110
CCK,110
CL,154
PRC,56
HG,92
JW,79
BP,126
WL,91
YS,88
JW,0
AMK,122
BD,118
CCK,74
CL,216
PRC,56
HG,32
JW,81
BP,80
TAP,0
WL,66
YS,16
TAP,112
WL,0
TAP,111
TAP,111
AMK,120
BD,214
BP,172
CCK,81
CL,130
PRC,48
HG,20
JW,81
TAP,0
WL,88
YS,132
BD,129
PRC,0
TAP,108
BD,0
TAP,111
TAP,167
TAP,165
BD,110
GL,118
KWN,336
KWN,9
BM,144
TP,120
MP,130
BD,96
BM,0
GL,0
QT,0
JE,0
BM,183
QT,180
QT,162
QT,162
AMK,258
BD,28
CCK,76
CL,198
PRC,89
HG,72
JW,114
BP,80
TAP,0
WL,91
YS,110
CCK,0
TAP,109
TAP,111
TAP,111
AMK,142
BD,96
BP,170
CCK,79
CL,208
PRC,60
HG,114
JW,79
TAP,0
WL,110
YS,72
BP,0
CCK,0
AMK,240
BD,80
CCK,110
CL,214
PRC,82
HG,40
JW,79
PG,0
BP,123
WL,115
YS,88
PG,96
TAP,112
PG,90
TAP,107
PG,90
PG,90
AMK,52
BD,120
BP,170
CCK,110
CL,128
PRC,82
HG,110
JW,84
PG,0
TAP,0
WL,91
YS,88
AMK,0
BP,0
BD,84
PRC,0
JW,0
PG,90
TAP,140
BD,118
BP,0
PG,90
TAP,139
BD,0
PG,96
PG,96
AMK,52
BD,112
CCK,78
PG,0
PRC,82
HG,110
BP,115
TAP,0
WL,77
YS,72
PRC,0
PG,96
TAP,108
WL,0
PG,96
TAP,108
AMK,60
BD,158
BP,170
CCK,77
PG,0
PRC,82
HG,72
WL,115
YS,100
BP,0
PG,95
PG,95
PG,112
AMK,50
BD,198
CCK,75
HG,148
PG,0
BP,117
WL,103
YS,16
PG,0
BP,0
PG,0
AMK,98
BD,95
BP,80
CCK,90
HG,136
JW,120
WL,99
YS,100
BP,0
JW,0
PG,88
PG,61
PG,61
PG,88
AMK,75
BD,95
CCK,90
HG,24
JW,85
BP,117
TAP,0
WL,99
YS,73
PG,88
TAP,112
PG,61
TAP,104
PG,61
PG,88
AMK,80
BD,89
BP,95
CCK,73
HG,130
JW,85
WL,146
YS,88
PG,92
TAP,126
PG,92
TAP,90
PG,92
PG,92
BD,80
GL,118
GL,88
KWN,336
KWN,8
TP,145
MP,130
BD,120
BM,0
QT,0
JE,120
BM,151
TP,0
QT,110
JE,0
TP,156
QT,180
AMK,110
BD,278
BP,95
BB,134
CCK,110
HG,121
JW,85
TAP,0
WL,143
YS,88
TAP,126
TAP,90
AMK,107
BD,100
BB,134
CCK,74
HG,24
JW,122
BP,122
WL,103
YS,110
CCK,0
PG,256
TAP,140
PG,256
TAP,128
AMK,110
BD,110
BB,134
CCK,0
HG,24
JW,138
PG,0
BP,117
WL,88
YS,110
BB,0
PG,134
TAP,104
WL,0
BB,0
PG,132
TAP,104
PG,132
PG,0
AMK,108
BD,110
BB,97
CCK,0
PRC,0
HG,132
JW,167
PG,0
BP,117
TAP,0
WL,103
PG,136
TAP,104
PG,136
TAP,104
PG,134
TAP,87
AMK,189
BD,20
BB,42
CCK,0
HG,96
JW,138
PG,0
BP,97
YS,124
PRC,0
JW,0
PG,102
TAP,52
WL,66
JW,0
PG,101
TAP,97
WL,99
PG,135
AMK,152
BD,20
BB,77
CCK,132
PRC,0
HG,31
JW,135
BP,234
YS,88
CCK,0
BP,0
TAP,52
WL,88
BP,0
TAP,110
WL,66
AMK,240
BD,110
BB,79
CCK,132
HG,136
JW,85
PRC,124
BP,234
WL,91
YS,100
TAP,104
WL,0
AMK,77
BD,110
BB,55
CCK,99
HG,148
JW,85
PRC,84
BP,234
TAP,0
WL,148
YS,132
JW,0
TAP,90
TAP,98
AMK,0
BD,110
BB,55
HG,76
JW,85
PRC,72
BP,0
YS,110
BB,0
PRC,0
WL,120
WL,134
AMK,44
BD,110
HG,132
JW,85
PRC,84
BP,233
TAP,0
WL,99
YS,110
JW,0
BP,0
TAP,155
BP,0
TAP,140
BD,80
GL,119
KWN,8
KWN,273
TP,237
MP,130
BD,120
BM,0
GL,337
JE,122
BM,152
JW,114
BM,118
JE,0
BM,141
AMK,15
BD,0
BB,0
HG,120
JW,85
PRC,72
BP,234
WL,124
YS,132
TAP,132
WL,0
TAP,120
AMK,200
BD,58
BB,0
CCK,73
HG,112
JW,135
PRC,124
BP,232
WL,96
YS,24
JW,0
PRC,0
TAP,100
TAP,108
AMK,27
BD,55
BB,0
CCK,106
HG,112
JW,138
PRC,84
BP,0
CT,96
WL,113
YS,64
AMK,0
CCK,0
PG,63
BP,163
TAP,108
PG,63
BP,134
TAP,81
PG,51
AMK,173
BD,56
BB,0
CCK,112
HG,72
JW,138
PRC,128
PG,0
BP,0
TAP,0
CT,141
WL,102
YS,66
PRC,0
PG,63
BP,119
TAP,120
WL,0
YS,12
PG,51
BP,118
TAP,87
BP,118
BP,119
AMK,120
BD,65
BB,0
CCK,78
HG,64
JW,85
PRC,124
BP,0
TAP,0
CT,96
WL,88
YS,110
BP,176
TAP,119
BP,166
TAP,82
TAP,119
AMK,152
BD,53
CCK,81
HG,120
JW,150
PRC,84
PG,0
BP,0
CT,123
WL,73
YS,110
JW,0
PRC,0
PG,63
BP,221
TAP,86
PG,63
BP,178
TAP,139
PG,51
BP,0
TAP,82
AMK,120
BD,53
BB,0
CCK,72
HG,120
JW,138
PRC,72
BP,0
CT,21
WL,92
YS,88
PRC,0
PG,63
BP,224
TAP,166
YS,12
PG,51
BP,171
TAP,82
BP,182
TAP,166
BP,0
AMK,173
BD,65
BB,0
CCK,85
HG,120
JW,127
PRC,84
CT,107
WL,73
YS,88
BD,0
PG,94
TAP,77
YS,11
PG,88
TAP,136
PG,88
PG,92
AMK,120
BD,56
BB,0
CCK,88
HG,16
JW,0
PRC,72
PG,0
BP,0
CT,0
WL,99
YS,110
JW,0
PRC,0
PG,94
BP,230
TAP,108
WL,0
PG,76
TAP,106
PG,76
AMK,152
BD,56
BB,48
CCK,87
HG,20
JW,125
PRC,124
PG,0
CT,96
BP,0
WL,103
YS,110
TAP,108
WL,0
TAP,85
QT,116
GL,104
KWN,6
KWN,284
BM,0
TP,239
MP,177
BD,120
JE,122
BM,192
BM,24
JW,114
QT,0
AMK,120
BD,62
BB,0
CCK,136
HG,16
JW,120
PRC,128
CT,167
WL,114
YS,68
JW,0
PG,0
BP,418
TAP,90
YS,12
JW,0
PG,0
TAP,140
AMK,240
BD,52
BB,0
CCK,128
HG,64
JW,126
PRC,84
CT,96
BP,0
YS,67
PG,94
BP,134
TAP,176
PG,76
TAP,175
PG,76
TAP,70
AMK,120
BD,50
BB,48
CCK,104
HG,121
JW,126
PRC,47
PG,0
CT,88
BP,0
YS,110
PG,94
PG,88
PG,88
PG,92
AMK,189
BD,58
BB,0
CCK,80
HG,64
JW,144
PRC,49
PG,93
BP,0
WL,99
YS,96
BP,101
BP,115
AMK,158
BD,56
BB,0
HG,116
JW,112
PRC,46
PG,0
BP,0
WL,104
YS,144
BB,0
WL,0
AMK,352
HG,120
BD,76
JW,140
PRC,44
PG,100
BP,0
TAP,0
WL,91
YS,73
TAP,134
YS,12
TAP,176
AMK,192
HG,8
BD,68
JW,120
PRC,46
PG,91
BP,0
TAP,0
WL,63
YS,132
BP,202
TAP,98
TAP,134
AMK,192
HG,12
BD,91
JW,130
PRC,47
PG,103
BP,0
TAP,0
WL,63
YS,100
BD,0
JW,0
PG,0
BP,304
TAP,194
JW,0
BP,269
AMK,120
HG,120
BD,90
JW,0
PRC,47
PG,93
TAP,0
WL,53
JW,92
TAP,182
JW,92
TAP,182
JW,90
TAP,168
JW,90
AMK,208
HG,64
BD,82
JW,0
PRC,46
PG,99
WL,147
BD,0
JW,123
PRC,0
WL,0
JW,123
PRC,0
QT,112
GL,106
KWN,6
KWN,285
MP,176
BD,120
JE,120
BM,144
BM,23
JW,114
GL,0
KWN,0
MP,0
AMK,256
HG,148
BD,92
JW,0
PRC,44
PG,0
BP,104
WL,78
YS,8
JW,123
JW,123
JW,92
HG,8
BD,85
JW,0
PRC,46
PG,91
BP,104
WL,92
YS,96
BD,0
JW,93
BP,0
JW,107
HG,120
BD,78
JW,0
PG,103
BP,104
WL,78
YS,63
JW,93
JW,107
JW,107
HG,64
BD,79
PG,0
BP,74
WL,92
YS,110
JW,152
PG,189
JW,107
PG,206
JW,105
PG,194
HG,18
BD,86
BP,102
WL,44
YS,61
JW,93
PG,112
BP,0
JW,107
PG,96
JW,107
PG,105
PG,112
HG,64
BD,90
JW,0
PG,0
BP,102
WL,115
YS,132
JW,169
PG,112
JW,154
PG,161
PG,87
CCK,120
HG,20
BD,80
JW,0
BP,74
WL,70
YS,16
JW,90
PG,204
WL,0
JW,90
PG,206
JW,90
PG,190
JW,90
CCK,114
HG,64
BD,80
JW,0
WL,102
YS,132
JW,154
PG,182
JW,154
PG,153
CCK,108
HG,132
BD,86
JW,0
PG,0
WL,73
YS,132
JW,90
PG,94
JW,90
PG,52
JW,90
PG,94
JW,90
CCK,108
HG,8
BD,80
JW,0
PG,0
WL,99
YS,16
CCK,0
JW,90
PG,102
JW,124
PG,118
JW,108
PG,122
JW,108
PG,0
BD,84
QT,117
GL,118
BM,38
KWN,59
TP,140
MP,180
BM,76
JW,114
GL,0
CCK,116
PG,0
HG,132
BD,84
JW,0
WL,99
YS,132
CCK,0
PG,0
BD,0
JW,155
JW,90
JW,90
JW,150
JW,0
CT,127
CCK,122
PG,0
HG,132
BD,48
JW,0
WL,91
YS,61
CCK,0
PG,135
JW,90
WL,0
PG,116
JW,105
PG,122
JW,138
JW,90
CT,152
CCK,76
PG,0
HG,132
BD,48
JW,0
WL,103
YS,132
PG,135
JW,90
PG,122
JW,135
PG,85
JW,135
PG,122
JW,90
CT,115
CCK,76
BD,48
JW,0
PG,0
WL,88
YS,88
JW,185
PG,215
YS,12
JW,140
PG,96
JW,138
PG,92
JW,122
JW,0
CT,16
CCK,76
BD,48
JW,0
WL,99
YS,57
JW,185
PG,170
YS,8
JW,140
PG,88
JW,138
JW,122
JW,0
CT,0
CCK,76
HG,132
BD,50
PG,0
WL,114
YS,56
JW,90
PG,128
JW,90
PG,64
PG,160
CCK,76
HG,32
BD,80
PG,0
WL,112
YS,66
JW,90
PG,98
YS,16
JW,90
PG,100
YS,0
CCK,122
HG,132
BD,76
JW,0
WL,91
JW,143
PG,96
WL,0
JW,143
PG,48
JW,120
JW,120
JW,0
CT,120
CCK,123
PG,0
HG,12
BD,66
WL,88
CCK,0
PG,112
JW,108
WL,0
PG,88
JW,109
JW,109
JW,108
JW,0
CCK,94
PG,0
HG,110
BD,79
JW,0
WL,111
CCK,0
PG,68
JW,90
PG,180
JW,90
JW,90
JW,90
BD,84
GL,115
KWN,42
MP,177
BM,0
BM,76
CCK,112
PG,0
HG,32
BD,78
JW,0
WL,132
CCK,96
PG,128
JW,107
PG,128
PG,128
CCK,62
PG,0
HG,110
BD,64
CT,0
WL,113
YS,0
CCK,60
PG,128
BD,0
JW,90
CT,78
WL,0
YS,96
PG,84
JW,90
CT,78
YS,120
JW,90
CCK,60
PG,0
HG,32
BD,92
JW,0
CT,0
WL,91
CCK,58
PG,120
JW,107
CT,93
WL,0
YS,180
CCK,44
PG,128
CT,93
YS,156
PG,96
YS,144
PG,128
CCK,113
PG,0
HG,100
JW,0
WL,88
YS,0
CCK,113
PG,116
JW,123
YS,143
CCK,0
PG,92
JW,105
YS,144
PG,124
JW,122
YS,144
YS,0
CCK,42
PG,0
HG,148
JW,0
YS,0
CCK,38
JW,105
YS,144
JW,122
YS,144
YS,0
CCK,69
HG,120
JW,0
YS,0
CCK,0
JW,104
YS,144
JW,124
YS,156
YS,131
YS,144
CCK,70
HG,96
JW,0
PG,0
WL,0
YS,0
CCK,64
JW,104
PG,88
WL,52
YS,96
JW,124
PG,116
WL,52
YS,96
PG,62
YS,96
PG,78
CCK,146
HG,119
JW,0
PG,0
KWN,0
WL,96
YS,0
JW,107
PG,126
YS,96
JW,60
PG,124
YS,96
JW,123
PG,96
YS,108
PG,110
CCK,146
HG,118
JW,0
KWN,0
PG,0
WL,99
CCK,0
JW,120
PG,94
WL,0
CCK,0
JW,60
PG,124
JW,123
PG,86
JW,107
CCK,145
HG,32
JW,0
WL,93
JW,64
PG,90
JW,60
PG,52
JW,130
PG,66
PG,0
BD,84
GL,120
KWN,387
TP,240
BM,106
BM,0
BM,112
CCK,150
HG,88
JW,0
WL,96
JW,64
JW,64
JW,116
CCK,150
HG,73
JW,0
PG,0
KWN,121
WL,0
JW,64
WL,88
JW,64
WL,88
JW,116
WL,88
WL,88
CCK,145
PG,0
HG,84
JW,0
KWN,44
WL,0
PG,127
JW,64
WL,106
PG,80
JW,60
WL,106
PG,96
JW,130
WL,106
WL,106
CCK,0
PG,0
HG,58
JW,0
KWN,121
CCK,102
PG,127
JW,97
WL,106
CCK,102
PG,76
JW,97
WL,76
CCK,84
PG,80
JW,96
WL,74
WL,108
CCK,0
PG,0
HG,65
JW,0
KWN,115
CCK,96
PG,128
JW,97
WL,106
CCK,92
PG,115
JW,97
WL,76
CCK,99
PG,142
JW,96
WL,74
CCK,104
PG,86
WL,108
CCK,0
HG,61
JW,0
KWN,122
WL,0
CCK,127
JW,97
WL,0
CCK,120
JW,97
WL,94
CCK,96
JW,96
WL,108
CCK,0
HG,158
JW,0
WL,0
CCK,136
JW,97
WL,129
CCK,128
JW,97
WL,149
CCK,102
JW,96
WL,78
CCK,120
CCK,0
HG,16
JW,123
WL,0
CCK,135
WL,161
CCK,135
WL,156
CCK,114
WL,161
CCK,115
WL,0
CCK,0
HG,110
JW,123
WL,0
CCK,155
WL,89
CCK,155
WL,77
CCK,133
WL,90
WL,91
WL,91
WL,90
CCK,0
HG,110
JW,123
WL,0
CCK,114
WL,75
CCK,114
WL,92
WL,77
WL,92
WL,90
WL,86
BD,131
GL,115
KWN,0
TP,90
KWN,76
BM,106
BM,0
BM,112
CCK,0
HG,144
JW,123
WL,0
CCK,138
WL,86
CCK,115
WL,91
CCK,115
WL,91
CCK,184
WL,84
WL,84
WL,89
CCK,0
HG,32
JW,122
WL,0
CCK,188
JW,0
WL,90
CCK,188
WL,104
WL,78
WL,130
CCK,0
HG,32
JW,134
WL,0
CCK,186
JW,0
CCK,188
HG,148
JW,134
WL,0
WL,144
WL,167
WL,131
WL,504
WL,0
HG,32
JW,134
WL,0
WL,144
WL,96
WL,144
WL,167
WL,0
HG,110
JW,123
HG,110
JW,92
HG,148
JW,0
HG,0
JW,112
JW,93
JW,96
HG,63
JW,0
HG,90
JW,143
HG,92
JW,128
HG,73
JW,128
HG,64
HG,128
HG,96
HG,75
HG,122
HG,0
BD,104
KWN,238
QT,90
BT,0
GL,0
BM,120
QT,96
GL,80
HG,30
KWN,95
BM,35
BM,96
KWN,252
SGN,88
TP,96
MP,110
WL,120
KWN,0
KWN,348
GL,95
BP,0
KWN,139
CCK,96
BM,262
CT,96
BT,76
TP,102
QT,79
QT,0
TP,0
WL,0
QT,0
BD,147
GL,120
KWN,0
TP,26
BM,86
BM,0
BM,0
KWN,0
BM,0
BM,170
BM,170
BM,152
AMK,0
PRC,52
AMK,144
PRC,0
AMK,144
AMK,120
AMK,0
BD,132
CCK,108
HG,158
JW,53
PRC,52
TAP,78
CL,216
WL,110
YS,175
TAP,0
WL,0
YS,0
YS,169
YS,0
AMK,3
BD,130
CCK,108
HG,120
JW,53
PRC,40
TAP,91
CL,191
WL,88
YS,32
JW,0
AMK,0
BD,158
CCK,72
HG,114
JW,78
PRC,58
TAP,91
CL,187
WL,110
YS,173
AMK,19
BD,157
CCK,108
HG,158
JW,60
PRC,39
TAP,90
CL,258
WL,88
YS,174
PRC,0
TAP,0
AMK,16
BD,120
CCK,84
CL,107
HG,72
JW,114
PRC,37
TAP,90
WL,88
YS,32
BD,120
CCK,72
CL,237
HG,112
JW,112
PRC,51
TAP,92
WL,90
YS,172
BD,120
CCK,96
CL,132
HG,96
JW,86
PRC,51
TAP,104
WL,90
YS,154
BD,120
CCK,99
CL,132
HG,112
JW,53
PRC,72
TAP,104
WL,99
YS,32
CCK,0
AMK,28
BD,233
CL,132
HG,130
JW,53
PRC,66
TAP,92
WL,88
YS,150
WL,0
BD,149
GL,100
KWN,0
TP,25
MP,96
BM,172
BM,15
BM,0
AMK,96
BD,88
CL,147
HG,96
JW,70
PRC,55
TAP,91
WL,101
YS,154
AMK,0
PRC,0
PRC,0
AMK,0
BD,88
CL,173
HG,112
JW,114
PRC,50
TAP,84
WL,101
YS,32
WL,0
AMK,0
BD,151
CL,132
HG,72
JW,98
PRC,52
TAP,86
WL,88
YS,153
AMK,0
JW,149
JW,0
AMK,27
BD,141
CL,82
JW,94
PRC,53
TAP,104
WL,88
YS,110
AMK,76
BD,88
CL,195
JW,80
PRC,53
TAP,104
WL,113
YS,90
BD,0
WL,0
AMK,0
BD,88
CL,234
JW,94
PRC,52
TAP,86
WL,132
YS,103
AMK,76
BD,80
CL,244
JW,118
PRC,52
TAP,86
WL,120
YS,104
TAP,0
BD,133
CL,96
JW,98
PRC,52
TAP,104
WL,120
YS,111
WL,99
WL,95
WL,0
BD,240
JW,106
PRC,40
TAP,84
WL,132
YS,90
PRC,0
WL,0
BD,80
JW,32
PRC,51
TAP,91
WL,135
YS,112
BD,84
GL,100
KWN,236
TP,12
MP,96
BM,181
BM,24
BM,76
AMK,28
BD,110
CL,0
JW,88
PRC,51
TAP,86
WL,135
YS,114
TAP,0
AMK,3
BD,86
CL,3
JW,110
PRC,51
TAP,84
WL,110
YS,110
WL,0
AMK,3
BD,100
CL,3
JW,104
PRC,39
TAP,84
WL,110
YS,156
WL,0
AMK,0
BD,94
CL,96
JW,102
PRC,58
TAP,84
WL,88
YS,84
TAP,0
AMK,0
BD,120
CL,96
JW,88
PRC,54
TAP,134
WL,99
YS,84
AMK,72
BD,96
CL,3
JW,110
PRC,72
TAP,127
WL,88
YS,130
AMK,0
CL,0
JW,66
TAP,127
WL,115
YS,136
AMK,6
CL,6
JW,88
TAP,98
WL,88
YS,132
TAP,0
AMK,39
CL,237
JW,88
TAP,100
WL,110
YS,112
WL,0
AMK,72
CL,171
JW,88
TAP,100
WL,99
YS,97
BD,0
BM,42
KWN,166
TP,151
MP,96
BM,0
BM,76
TP,0
BM,162
BM,0
AMK,0
CL,108
JW,78
TAP,111
WL,99
YS,108
TAP,0
CL,125
JW,110
TAP,134
WL,91
YS,32
JW,120
TAP,134
WL,91
YS,23
WL,0
JW,92
TAP,130
WL,91
YS,132
JW,74
PRC,0
TAP,104
WL,103
YS,154
JW,0
JW,118
PRC,0
TAP,117
WL,101
YS,105
JW,80
PRC,93
TAP,91
WL,99
YS,149
PRC,0
WL,0
JW,83
PRC,90
TAP,52
WL,103
YS,132
WL,0
JW,82
PRC,90
TAP,52
WL,99
YS,132
PRC,0
BD,0
JW,118
PRC,90
TAP,52
WL,103
YS,154
BD,0
JW,0
WL,0
BD,207
TP,0
MP,104
BM,0
BM,76
BM,24
KWN,251
BM,164
BD,51
PRC,82
TAP,52
WL,88
YS,153
WL,0
BD,0
PRC,93
TAP,119
WL,88
YS,150
PRC,0
BD,54
PRC,96
TAP,121
WL,88
YS,150
TAP,0
BD,0
JW,88
PRC,84
WL,99
YS,16
BD,54
JW,108
PRC,60
WL,99
YS,23
PRC,0
WL,0
BD,0
JW,110
PRC,60
WL,99
YS,153
BD,0
JW,88
PRC,63
WL,103
YS,149
BD,0
JW,92
PRC,106
WL,110
YS,19
BD,81
PRC,0
WL,0
BD,81
BD,80
BD,0
JW,88
PRC,76
WL,110
YS,20
BD,86
WL,0
BD,73
BD,87
JW,110
PRC,106
WL,110
YS,132
WL,0
BD,206
TP,0
MP,104
BM,187
BM,24
KWN,267
BM,174
KWN,0
BM,174
BM,174
BM,0
JW,92
PRC,76
WL,110
YS,132
JW,0
CCK,72
JW,88
PRC,104
WL,115
YS,132
CCK,72
JW,70
PRC,63
WL,115
YS,132
CCK,40
JW,53
PRC,76
WL,104
YS,23
CCK,48
JW,56
PRC,74
WL,115
YS,110
CCK,0
PRC,0
WL,0
CCK,48
JW,100
PRC,76
WL,110
YS,158
CCK,40
JW,112
PRC,74
WL,110
YS,136
CCK,46
JW,98
PRC,76
WL,110
YS,110
PRC,0
WL,0
PRC,0
CCK,51
JW,70
PRC,74
WL,115
YS,110
CCK,54
JW,84
PRC,74
WL,110
YS,132
WL,0
BD,207
BM,42
KWN,208
MP,104
BM,0
BM,240
BM,174
BD,0
CCK,72
JW,56
PRC,76
WL,99
YS,158
BD,0
JW,0
JW,0
BD,155
CCK,72
JW,53
PRC,76
WL,99
YS,30
BD,0
BD,155
CCK,90
JW,0
PRC,72
WL,114
YS,114
CCK,0
JW,0
PRC,0
WL,0
BD,153
CCK,90
JW,0
PRC,72
WL,99
YS,39
BD,58
CCK,50
JW,96
PRC,72
WL,91
YS,110
JW,0
WL,84
WL,128
BD,151
CCK,67
JW,94
PRC,61
WL,84
YS,114
BD,0
WL,0
BD,155
CCK,80
JW,96
PRC,78
WL,81
YS,110
WL,0
BD,155
CCK,92
PRC,78
WL,86
YS,20
BD,58
CCK,50
PRC,71
WL,0
YS,114
BD,0
BD,164
CCK,110
PRC,71
WL,148
YS,15
BD,0
BD,206
GL,0
BM,160
KWN,206
MP,96
BM,0
BM,24
BM,142
BM,174
BD,142
CCK,110
PRC,69
WL,114
YS,136
PRC,0
BD,142
CCK,92
PRC,69
WL,124
YS,110
CCK,0
BD,160
PRC,69
WL,91
YS,114
BD,0
BD,164
PRC,69
WL,119
YS,136
PRC,0
WL,0
BD,164
PRC,71
WL,93
YS,204
BD,0
PRC,69
WL,119
YS,120
BD,0
WL,0
PRC,78
WL,125
YS,120
PRC,78
WL,98
YS,28
PRC,60
WL,111
YS,110
PRC,60
WL,94
YS,10
BD,130
GL,0
QT,99
BM,48
BM,144
KWN,405
MP,96
BM,70
BM,144
BM,48
QT,0
BM,0
KWN,0
BM,0
TP,0
KWN,0
QT,0
BM,0
TP,0
TP,0
PRC,60
WL,0
YS,10
WL,155
WL,135
WL,135
WL,90
WL,119
WL,155
WL,0
PRC,60
WL,0
YS,110
WL,0
WL,150
WL,209
WL,165
WL,105
PRC,60
WL,0
YS,40
PRC,0
WL,90
WL,90
WL,105
WL,135
WL,120
WL,0
WL,0
YS,132
WL,120
YS,0
WL,90
WL,120
WL,90
WL,0
CCK,82
YS,132
WL,78
WL,104
WL,104
CCK,104
WL,0
YS,96
WL,416
WL,104
WL,104
WL,104
WL,0
CCK,88
YS,96
WL,0
WL,132
WL,147
WL,144
WL,132
WL,60
CCK,79
YS,96
CCK,0
WL,0
CCK,0
WL,108
WL,147
WL,147
WL,108
CCK,88
WL,72
YS,96
WL,0
WL,72
WL,84
WL,72
WL,66
CCK,86
WL,72
YS,24
BD,130
BM,41
GL,0
QT,143
BM,520
MP,96
BM,0
BM,0
GL,0
TP,308
TP,191
TP,160
TP,191
TP,308
CCK,118
WL,98
YS,96
CCK,84
WL,84
YS,60
CCK,88
WL,96
YS,50
CCK,0
WL,0
CCK,0
WL,96
YS,16
WL,96
YS,96
WL,96
YS,96
YS,6
WL,98
YS,96
WL,0
YS,10
WL,72
YS,24
WL,72
YS,96
WL,0
YS,72
WL,116
WL,56
WL,0
BD,104
KWN,238
BM,145
BT,186
GL,0
KWN,304
QT,96
GL,120
QT,372
BM,102
KWN,95
CT,138
BM,72
TP,69
BM,96
TP,144
SGN,154
MP,108
WL,120
KWN,348
CT,108
KWN,131
CCK,96
BM,66
CT,96
BT,32
KWN,0
BM,123
KWN,0
BT,0
QT,0
QT,0
CT,0
CCK,0
KWN,270
BM,123
KWN,0
KWN,290
BM,0
KWN,0
KWN,248
BD,130
BM,41
GL,0
KWN,0
TP,75
MP,3
BM,4
QT,81
BM,0
TP,72
BM,140
TP,72
BM,120
BM,139
BM,0
YS,120
KWN,88
CCK,0
TAP,32
WL,100
YS,32
CCK,96
CCK,96
CCK,96
CCK,72
KWN,10
TAP,27
WL,100
YS,110
CCK,130
CCK,96
CCK,96
BD,80
CCK,0
KWN,0
TAP,140
WL,60
YS,110
CCK,113
CCK,124
CCK,88
CCK,94
BD,80
HG,14
CCK,0
KWN,131
TAP,88
WL,80
YS,148
CCK,115
CCK,132
BD,80
HG,0
CCK,0
KWN,176
TAP,88
WL,60
YS,148
CCK,87
CCK,87
CCK,141
CCK,162
HG,13
CCK,0
KWN,129
TAP,110
WL,219
YS,110
BD,0
CCK,0
KWN,96
TAP,110
WL,72
YS,28
BD,126
CCK,154
BD,154
CCK,120
BD,140
CCK,128
CCK,0
KWN,0
TAP,110
WL,72
YS,110
BD,138
CCK,120
BD,154
CCK,128
BD,140
CCK,128
CCK,120
CCK,0
KWN,0
HG,13
TAP,110
WL,89
YS,96
CCK,120
CCK,112
BD,130
QT,256
GL,0
TP,69
GL,130
MP,3
BM,105
QT,85
BM,40
KWN,0
TP,82
TP,82
TP,0
CCK,0
HG,0
JW,98
TAP,110
WL,63
YS,96
CCK,144
CCK,136
CCK,0
KWN,180
HG,14
JW,96
TAP,110
YS,24
CCK,136
JW,0
CCK,136
JW,110
TAP,110
YS,96
CCK,144
CCK,136
CCK,136
CCK,0
KWN,115
JW,110
TAP,110
YS,0
CCK,510
YS,155
YS,155
CCK,0
HG,0
KWN,0
JW,110
TAP,110
CCK,0
KWN,115
JW,88
TAP,90
CCK,144
CCK,190
CCK,190
KWN,125
JW,92
CCK,0
TAP,90
WL,74
YS,121
CCK,126
CCK,133
KWN,0
JW,100
CCK,0
TAP,110
WL,24
YS,24
CCK,168
CCK,168
CCK,166
CCK,0
JW,56
TAP,110
WL,72
CCK,132
CCK,152
CCK,114
JW,56
CCK,0
TAP,141
WL,20
YS,24
CCK,203
BD,130
QT,253
GL,0
TP,55
GL,94
MP,0
BM,87
QT,117
BM,0
BM,58
KWN,197
GL,300
TP,72
GL,0
GL,234
TP,72
JW,35
TAP,39
WL,60
YS,110
CCK,164
CCK,204
JW,110
TAP,24
WL,62
YS,104
JW,0
JW,60
TAP,22
WL,40
YS,9
JW,88
TAP,0
WL,40
YS,9
TAP,0
WL,0
JW,110
TAP,48
WL,112
YS,70
WL,0
JW,100
TAP,31
WL,112
YS,132
JW,110
TAP,52
WL,50
YS,60
TAP,0
JW,40
TAP,47
WL,80
YS,16
TAP,208
TAP,0
JW,40
TAP,52
WL,12
YS,60
JW,7
TAP,0
JW,40
TAP,47
WL,16
YS,132
QT,255
GL,0
TP,78
GL,93
MP,3
BM,102
QT,81
KWN,76
QT,0
GL,108
QT,0
GL,108
HG,108
JW,56
TAP,71
WL,65
YS,110
HG,0
JW,56
HG,84
JW,56
TAP,72
WL,72
JW,0
HG,75
JW,100
TAP,96
WL,65
YS,88
JW,0
HG,57
JW,80
TAP,96
WL,20
YS,110
HG,63
JW,84
TAP,16
WL,65
YS,50
HG,82
JW,88
TAP,16
WL,65
YS,24
HG,87
JW,119
TAP,96
WL,64
YS,60
HG,109
JW,91
TAP,96
WL,20
YS,16
JW,0
HG,117
JW,88
TAP,96
WL,24
YS,99
HG,0
JW,84
TAP,96
WL,77
YS,132
WL,0
BD,71
QT,74
TP,87
MP,0
BM,0
BM,76
KWN,76
QT,0
TP,72
TP,82
TP,0
JW,80
TAP,124
WL,114
YS,132
YS,0
JW,55
TAP,124
WL,66
YS,99
JW,0
JW,55
GL,72
TAP,124
WL,136
TAP,0
TAP,132
TAP,94
TAP,97
TAP,82
TAP,69
TAP,135
TAP,132
JW,70
TAP,124
WL,136
JW,49
GL,20
TAP,18
WL,66
YS,88
JW,0
JW,86
TAP,110
WL,136
YS,0
JW,54
GL,72
TAP,110
WL,77
YS,36
WL,0
JW,65
TAP,110
WL,74
JW,65
GL,20
TAP,110
WL,72
YS,9
YS,0
JW,54
TAP,32
WL,60
YS,28
BD,0
QT,100
GL,100
QT,0
TP,10
MP,0
PG,0
BM,0
BM,145
KWN,153
QT,0
TP,151
KWN,0
TP,155
TP,150
HG,55
JW,106
TAP,32
WL,62
YS,121
HG,0
HG,56
JW,119
TAP,110
WL,100
YS,88
HG,56
JW,117
TAP,110
WL,180
YS,120
HG,66
JW,104
TAP,110
WL,110
YS,120
JW,101
TAP,110
WL,114
YS,66
JW,0
JW,66
TAP,124
WL,136
YS,99
JW,0
JW,103
TAP,124
WL,73
TAP,0
TAP,78
TAP,80
TAP,76
TAP,76
TAP,78
JW,52
TAP,80
WL,60
TAP,16
TAP,16
JW,90
TAP,80
WL,74
YS,81
TAP,16
TAP,16
JW,70
TAP,96
WL,70
YS,63
JW,0
TAP,96
WL,0
TAP,0
BD,19
QT,100
GL,0
QT,320
TP,72
MP,0
BM,144
BM,130
KWN,198
QT,0
BM,0
JW,60
TAP,80
WL,60
YS,73
TAP,16
TAP,16
JW,66
TAP,96
WL,60
YS,110
TAP,96
JW,62
TAP,96
WL,60
YS,132
TAP,96
WL,0
JW,54
TAP,80
WL,60
YS,88
TAP,16
TAP,16
JW,132
TAP,96
WL,60
YS,88
TAP,96
TAP,0
JW,54
TAP,77
WL,56
YS,121
JW,0
JW,65
TAP,110
WL,56
YS,116
TAP,0
WL,0
TAP,88
WL,56
YS,132
TAP,56
TAP,110
WL,56
YS,132
TAP,90
TAP,118
TAP,126
TAP,0
TAP,88
WL,55
TAP,90
TAP,98
TAP,0
BD,15
QT,98
GL,78
QT,320
MP,0
BM,114
BM,130
KWN,0
BM,96
TAP,110
WL,55
YS,70
TAP,135
TAP,0
TAP,0
TAP,110
WL,63
YS,70
TAP,87
TAP,135
TAP,110
TAP,88
WL,69
YS,70
TAP,240
TAP,270
TAP,0
TAP,88
WL,102
YS,116
TAP,0
TAP,0
TAP,110
WL,142
YS,88
TAP,64
WL,0
TAP,96
TAP,112
TAP,111
TAP,110
WL,120
YS,110
TAP,0
TAP,96
TAP,77
WL,99
YS,48
TAP,112
TAP,0
TAP,111
TAP,110
WL,99
YS,70
TAP,110
WL,91
YS,12
TAP,101
TAP,82
TAP,0
TAP,132
WL,91
YS,110
TAP,105
TAP,136
TAP,0
TAP,0
BD,46
QT,97
GL,0
QT,320
BM,60
QT,0
BM,145
KWN,0
QT,0
BM,0
BM,0
TAP,80
WL,88
YS,70
TAP,24
TAP,110
WL,77
WL,0
TAP,77
WL,91
TAP,0
TAP,110
WL,0
WL,0
TAP,110
TAP,132
TAP,234
TAP,80
WL,0
TAP,24
WL,120
WL,120
WL,120
WL,130
TAP,108
WL,0
TAP,16
WL,90
WL,84
WL,120
TAP,108
WL,0
TAP,96
WL,0
TAP,90
WL,0
TAP,120
WL,120
WL,90
WL,88
WL,118
BD,48
QT,98
GL,0
QT,154
MP,0
BM,264
QT,379
KWN,0
QT,0
TAP,0
WL,0
TAP,120
WL,118
TAP,120
WL,118
TAP,55
TAP,90
TAP,90
WL,80
TAP,0
WL,98
WL,0
TAP,60
TAP,74
WL,120
WL,98
WL,0
TAP,74
WL,0
TAP,60
WL,50
WL,55
WL,55
WL,50
TAP,90
TAP,110
WL,88
WL,90
WL,84
WL,102
TAP,90
TAP,60
WL,94
WL,90
WL,104
WL,0
WL,0
TAP,96
TAP,66
WL,115
WL,90
WL,80
TAP,108
TAP,132
WL,90
WL,94
WL,115
WL,0
WL,0
TAP,110
TAP,108
WL,94
WL,104
TAP,110
TAP,132
WL,100
WL,90
WL,90
BD,92
KWN,238
BM,145
GL,180
KWN,156
GL,141
QT,371
KWN,117
BM,102
CT,110
TP,146
TP,176
WL,84
KWN,348
GL,77
CT,299
KWN,77
CCK,240
BM,0
BT,96
BM,156
TP,0
CT,0
BM,156
BM,0
BD,104
QT,95
QT,150
GL,0
GL,274
BM,264
QT,389
BM,0
KWN,0
GL,204
BM,222
GL,187
BM,116
WL,0
JW,0
JW,96
TAP,142
JW,84
TAP,84
JW,110
JW,28
JW,90
TAP,32
JW,77
TAP,124
JW,110
TAP,32
HG,130
JW,110
TAP,122
HG,0
BD,104
QT,95
QT,150
BM,360
GL,0
TP,192
GL,141
QT,331
BM,0
KWN,0
GL,201
QT,0
BM,228
GL,182
BM,0
HG,130
JW,90
TAP,111
HG,136
JW,77
TAP,112
HG,92
JW,20
TAP,84
HG,92
JW,96
TAP,32
HG,86
JW,132
TAP,123
HG,86
JW,110
TAP,113
HG,106
JW,110
TAP,156
HG,106
JW,132
HG,109
JW,24
HG,0
HG,106
JW,96
HG,0
BD,130
QT,98
QT,154
BM,360
GL,0
TP,23
GL,81
BM,0
KWN,0
GL,180
GL,81
BM,174
BM,228
HG,99
JW,120
HG,86
JW,56
TAP,132
TAP,0
HG,86
JW,96
TAP,96
HG,102
JW,80
HG,0
HG,99
JW,28
TAP,119
HG,99
JW,132
TAP,120
YS,0
HG,0
HG,92
JW,110
TAP,84
YS,44
HG,92
TAP,32
YS,50
HG,95
JW,110
TAP,32
YS,46
HG,92
JW,132
TAP,112
BD,130
QT,97
QT,150
KWN,142
BM,0
BM,360
GL,88
TP,0
GL,143
BM,0
KWN,129
QT,0
GL,0
TP,0
BM,228
BM,283
BM,0
HG,99
JW,28
TAP,119
YS,46
HG,80
JW,96
TAP,32
YS,41
HG,0
HG,0
JW,144
TAP,84
YS,66
HG,90
HG,119
HG,0
HG,0
JW,96
TAP,118
HG,105
JW,144
TAP,120
YS,0
JW,8
TAP,132
YS,99
HG,78
JW,132
TAP,110
HG,91
JW,8
TAP,50
HG,82
JW,88
TAP,52
HG,72
JW,132
TAP,68
QT,98
QT,270
KWN,144
BM,96
TP,45
GL,220
KWN,76
BD,0
QT,0
KWN,0
BD,72
BD,84
BD,80
BD,85
HG,78
JW,110
TAP,88
HG,91
JW,99
TAP,60
HG,0
HG,119
JW,90
TAP,66
HG,106
JW,90
TAP,48
HG,78
JW,99
TAP,60
HG,78
JW,80
TAP,90
HG,78
JW,80
TAP,60
HG,0
JW,90
JW,99
JW,72
GL,193
BD,130
QT,96
QT,256
KWN,143
BM,96
BM,0
TP,34
GL,119
KWN,76
QT,0
BM,257
GL,0
BM,286
BM,229
BM,0
HG,112
JW,88
HG,105
HG,114
JW,72
HG,102
JW,80
HG,135
HG,84
HG,0
HG,84
HG,84
HG,84
HG,84
JW,0
GL,144
BD,96
QT,77
QT,284
KWN,129
BM,0
BM,0
TP,192
KWN,76
QT,0
BM,229
BM,231
HG,84
JW,0
HG,84
JW,66
HG,86
JW,0
HG,0
JW,0
HG,84
JW,0
HG,102
JW,0
HG,140
JW,42
HG,86
JW,48
HG,0
HG,84
JW,0
JW,221
JW,325
HG,108
JW,0
HG,108
GL,152
BD,96
QT,98
KWN,128
GL,117
TP,80
KWN,177
GL,0
HG,140
HG,86
HG,0
HG,84
HG,86
HG,0
HG,84
JW,18
HG,84
JW,70
HG,84
JW,88
JW,110
JW,63
HG,92
HG,92
JW,100
HG,92
HG,120
HG,112
GL,150
BD,96
QT,97
TP,192
KWN,331
GL,0
TP,0
KWN,0
HG,0
JW,90
HG,112
HG,86
HG,115
HG,92
HG,0
HG,92
HG,92
HG,98
HG,80
HG,0
HG,0
HG,104
HG,104
HG,104
HG,104
HG,0
HG,102
HG,104
HG,0
JW,0
HG,140
JW,54
HG,140
JW,53
HG,195
JW,53
HG,195
JW,0
HG,131
JW,99
HG,208
JW,101
HG,133
JW,101
JW,99
HG,0
JW,0
HG,75
JW,96
HG,76
JW,56
HG,76
JW,96
JW,99
JW,101
JW,101
JW,99
GL,154
BD,96
QT,97
GL,108
KWN,96
TP,64
TP,48
TP,48
JW,0
JW,56
JW,54
JW,54
HG,0
JW,0
HG,188
JW,153
HG,210
JW,175
HG,0
HG,180
JW,101
HG,147
JW,170
HG,0
HG,153
HG,154
HG,0
HG,153
HG,140
HG,111
HG,0
HG,120
HG,120
HG,135
HG,0
HG,0
HG,119
HG,120
HG,104
HG,0
HG,138
HG,164
HG,165
HG,0
HG,0
HG,185
HG,174
HG,0
HG,306
HG,126
